description,quantity
"PAPER CRAFT , LITTLE BIRDIE",80995
MEDIUM CERAMIC TOP STORAGE JAR,77916
WORLD WAR 2 GLIDERS ASSTD DESIGNS,54415
JUMBO BAG RED RETROSPOT,46181
WHITE HANGING HEART T-LIGHT HOLDER,36725
ASSORTED COLOUR BIRD ORNAMENT,35362
PACK OF 72 RETROSPOT CAKE CASES,33693
POPCORN HOLDER,30931
RABBIT NIGHT LIGHT,27202
MINI PAINT SET VINTAGE ,26076
PACK OF 12 LONDON TISSUES ,25345
PACK OF 60 PINK PAISLEY CAKE CASES,24264
BROCADE RING PURSE ,22963
VICTORIAN GLASS HANGING T-LIGHT,22433
ASSORTED COLOURS SILK FAN,21876
RED  HARMONICA IN BOX ,20975
JUMBO BAG PINK POLKADOT,20165
SMALL POPCORN HOLDER,18252
LUNCH BAG RED RETROSPOT,17697
60 TEATIME FAIRY CAKE CASES,17689
JUMBO BAG STRAWBERRY,16807
HEART OF WICKER SMALL,16775
GROW A FLYTRAP OR SUNFLOWER IN TIN,15940
PAPER CHAIN KIT 50'S CHRISTMAS ,15617
COLOUR GLASS T-LIGHT HOLDER HANGING,15611
PARTY BUNTING,15291
JAM MAKING SET PRINTED,15055
PLACE SETTING WHITE HEART,14877
60 CAKE CASES VINTAGE CHRISTMAS,14735
PACK OF 72 SKULL CAKE CASES,14309
SPACEBOY LUNCH BOX ,13919
JUMBO BAG APPLES,13887
VINTAGE SNAP CARDS,13336
SMALL CHINESE STYLE SCISSOR,13328
72 SWEETHEART FAIRY CAKE CASES,13070
ANTIQUE SILVER T-LIGHT GLASS,12973
RED TOADSTOOL LED NIGHT LIGHT,12871
RED RETROSPOT CHARLOTTE BAG,12809
JUMBO  BAG BAROQUE BLACK WHITE,12793
DISCO BALL CHRISTMAS DECORATION,12714
JUMBO BAG ALPHABET,12540
GIRLS ALPHABET IRON ON PATCHES ,12480
REGENCY CAKESTAND 3 TIER,12402
SET/20 RED RETROSPOT PAPER NAPKINS ,12313
PACK OF 60 DINOSAUR CAKE CASES,12134
HOMEMADE JAM SCENTED CANDLES,12092
PLEASE ONE PERSON METAL SIGN,11963
BUBBLEGUM RING ASSORTED,11891
SET OF 4 PANTRY JELLY MOULDS,11792
TRAVEL CARD WALLET KEEP CALM,11769
SET OF 60 PANTRY DESIGN CAKE CASES ,11675
LUNCH BAG APPLE DESIGN,11565
GIN + TONIC DIET METAL SIGN,11519
JUMBO STORAGE BAG SUKI,11516
BLACK RECORD COVER FRAME,11406
DOLLY GIRL LUNCH BOX,11336
LUNCH BAG  BLACK SKULL.,11291
LUNCH BOX I LOVE LONDON,11094
HANGING HEART JAR T-LIGHT HOLDER,10980
LUNCH BAG CARS BLUE,10820
JUMBO BAG VINTAGE LEAF,10716
JUMBO BAG VINTAGE DOILY ,10636
RED RETROSPOT WRAP ,10547
HANGING JAM JAR T-LIGHT HOLDER,10528
JUMBO SHOPPER VINTAGE RED PAISLEY,10518
JUMBO BAG OWLS,10466
"ASSORTED FLOWER COLOUR ""LEIS""",10297
MULTI COLOUR SILVER T-LIGHT HOLDER,10279
LUNCH BAG PINK POLKADOT,10254
PINK BLUE FELT CRAFT TRINKET BOX,10225
COOK WITH WINE METAL SIGN ,10209
AGED GLASS SILVER T-LIGHT HOLDER,10088
FAIRY CAKE FLANNEL ASSORTED COLOUR,10082
LUNCH BAG SPACEBOY DESIGN ,9912
JUMBO BAG PINK VINTAGE PAISLEY,9889
WOODEN HEART CHRISTMAS SCANDINAVIAN,9784
DOUGHNUT LIP GLOSS ,9662
CHILLI LIGHTS,9650
WOODEN STAR CHRISTMAS SCANDINAVIAN,9630
LUNCH BAG SUKI DESIGN ,9601
HEART OF WICKER LARGE,9591
PAPER CHAIN KIT VINTAGE CHRISTMAS,9433
STRAWBERRY CERAMIC TRINKET BOX,9328
PACK OF 12 TRADITIONAL CRAYONS,9314
BAG 125g SWIRLY MARBLES,9272
WOODLAND CHARLOTTE BAG,9237
PENS ASSORTED FUNNY FACE,9146
ROSES REGENCY TEACUP AND SAUCER ,9132
LUNCH BAG WOODLAND,9115
CHARLOTTE BAG SUKI DESIGN,8975
JUMBO BAG 50'S CHRISTMAS ,8954
POPART WOODEN PENCILS ASST,8900
SOLDIERS EGG CUP ,8821
RAIN PONCHO RETROSPOT,8755
JUMBO BAG DOILEY PATTERNS,8737
6 RIBBONS RUSTIC CHARM,8605
FANCY FONTS BIRTHDAY WRAP,8600
PACK OF 12 HEARTS DESIGN TISSUES ,8569
NATURAL SLATE HEART CHALKBOARD ,8480
HANGING HEART ZINC T-LIGHT HOLDER,8470
CLOTHES PEGS RETROSPOT PACK 24 ,8418
FUNKY DIVA PEN,8328
WOODEN PICTURE FRAME WHITE FINISH,8276
ANTIQUE SILVER TEA GLASS ENGRAVED,8273
SET OF 12 FAIRY CAKE BAKING CASES,8243
JUMBO BAG SPACEBOY DESIGN,8236
CREAM HEART CARD HOLDER,8195
JUMBO BAG WOODLAND ANIMALS,8187
HAND OVER THE CHOCOLATE   SIGN ,8164
JAM MAKING SET WITH JARS,8151
SET OF 20 VINTAGE CHRISTMAS NAPKINS,8122
HAND WARMER OWL DESIGN,8115
PACK OF 60 SPACEBOY CAKE CASES,8103
ROUND SNACK BOXES SET OF4 WOODLAND ,8100
TRADITIONAL MODELLING CLAY,8014
WRAP ALPHABET DESIGN,7950
ICE CREAM SUNDAE LIP GLOSS,7920
TRADITIONAL WOODEN SKIPPING ROPE,7919
ROTATING SILVER ANGELS T-LIGHT HLDR,7907
SPACEBOY BIRTHDAY CARD,7858
RED HANGING HEART T-LIGHT HOLDER,7759
JUMBO BAG SCANDINAVIAN BLUE PAISLEY,7757
GARDENERS KNEELING PAD KEEP CALM ,7740
SET OF 60 I LOVE LONDON CAKE CASES ,7727
GUMBALL COAT RACK,7688
PLASTERS IN TIN SPACEBOY,7664
SPOTTY BUNTING,7639
LUNCH BAG ALPHABET DESIGN,7554
BLUE HARMONICA IN BOX ,7434
RECIPE BOX PANTRY YELLOW DESIGN,7373
SET/6 RED SPOTTY PAPER PLATES,7351
PACK OF 12 SUKI TISSUES ,7346
T-LIGHT GLASS FLUTED ANTIQUE,7336
PLASTERS IN TIN WOODLAND ANIMALS,7307
CHARLOTTE BAG PINK POLKADOT,7306
60 CAKE CASES DOLLY GIRL DESIGN,7247
WRAP ENGLISH ROSE ,7226
ALARM CLOCK BAKELIKE RED ,7221
GINGERBREAD MAN COOKIE CUTTER,7204
Manual,7173
VINTAGE HEADS AND TAILS CARD GAME ,7143
PINK CREAM FELT CRAFT TRINKET BOX ,7131
CHARLOTTE BAG APPLES DESIGN,7039
SET OF 3 CAKE TINS PANTRY DESIGN ,7020
SET 12 KIDS COLOUR  CHALK STICKS,7013
BLUE POLKADOT WRAP,6925
PAPER BUNTING RETROSPOT,6879
STRAWBERRY CHARLOTTE BAG,6847
LARGE CIRCULAR MIRROR MOBILE,6821
BOX OF 24 COCKTAIL PARASOLS,6808
12 PENCILS SMALL TUBE SKULL,6734
JUMBO BAG PEARS,6733
POLKADOT PEN,6625
ICE CREAM PEN LIP GLOSS ,6607
SET/6 RED SPOTTY PAPER CUPS,6589
REGENCY TEA PLATE ROSES ,6575
LUNCH BAG DOLLY GIRL DESIGN,6545
PACK OF 12 RED RETROSPOT TISSUES ,6523
SET/10 RED POLKADOT PARTY CANDLES,6502
SPACEBOY GIFT WRAP,6502
LUNCH BAG DOILEY PATTERN ,6482
ROUND SNACK BOXES SET OF 4 FRUITS ,6481
DINOSAUR KEYRINGS ASSORTED,6462
LUNCH BAG VINTAGE DOILY ,6452
CHRISTMAS PUDDING TRINKET POT ,6440
GREEN REGENCY TEACUP AND SAUCER,6430
PAPER POCKET TRAVELING FAN ,6419
HOT BATHS METAL SIGN,6415
12 PENCILS SMALL TUBE RED RETROSPOT,6400
PINK POLKADOT WRAP ,6350
GARDENERS KNEELING PAD CUP OF TEA ,6303
WOODEN FRAME ANTIQUE WHITE ,6282
10 COLOUR SPACEBOY PEN,6267
LUNCH BAG VINTAGE LEAF DESIGN,6225
FELTCRAFT BUTTERFLY HEARTS,6127
HAND WARMER SCOTTY DOG DESIGN,6118
PACK OF 20 NAPKINS PANTRY DESIGN,6102
RECYCLING BAG RETROSPOT ,6088
PACK OF 6 BIRDY GIFT TAGS,6062
SET OF 3 HEART COOKIE CUTTERS,6019
HAND WARMER BIRD DESIGN,6001
SET OF 60 VINTAGE LEAF CAKE CASES ,5967
REGENCY TEA PLATE GREEN ,5966
GINGHAM HEART DECORATION,5964
SET OF 12 MINI LOAF BAKING CASES,5963
PLASTERS IN TIN CIRCUS PARADE ,5952
WOOD BLACK BOARD ANT WHITE FINISH,5921
BALLOON WATER BOMB PACK OF 35,5897
TRADITIONAL KNITTING NANCY,5895
FELTCRAFT 6 FLOWER FRIENDS,5890
PLASTERS IN TIN STRONGMAN,5885
SET/5 RED RETROSPOT LID GLASS BOWLS,5882
ESSENTIAL BALM 3.5g TIN IN ENVELOPE,5856
SET OF 3 REGENCY CAKE TINS,5856
GRAND CHOCOLATECANDLE,5801
WRAP PINK FAIRY CAKES ,5800
SKULLS AND CROSSBONES WRAP,5800
WOODEN BOX OF DOMINOES,5778
SWEETHEART CERAMIC TRINKET BOX,5757
ZINC METAL HEART DECORATION,5757
CLEAR DRAWER KNOB ACRYLIC EDWARDIAN,5753
JUMBO STORAGE BAG SKULLS,5706
SINGLE HEART ZINC T-LIGHT HOLDER,5700
WOODEN SCHOOL COLOURING SET,5695
SET OF 72 RETROSPOT PAPER  DOILIES,5680
SMALL CERAMIC TOP STORAGE JAR ,5666
COLOUR GLASS. STAR T-LIGHT HOLDER,5655
ALARM CLOCK BAKELIKE GREEN,5641
PENS ASSORTED SPACEBALL,5636
CHINESE DRAGON PAPER LANTERNS,5524
BATHROOM METAL SIGN,5505
HEART FILIGREE DOVE  SMALL,5439
SET OF 6 SPICE TINS PANTRY DESIGN,5372
SWALLOWS GREETING CARD,5361
HOME SWEET HOME MUG,5347
PINK REGENCY TEACUP AND SAUCER,5343
DOORMAT KEEP CALM AND COME IN,5342
HOT WATER BOTTLE KEEP CALM,5338
WRAP VINTAGE LEAF DESIGN,5326
CHRISTMAS HANGING STAR WITH BELL,5305
PACK OF 12 WOODLAND TISSUES ,5295
SET OF 3 BUTTERFLY COOKIE CUTTERS,5293
WRAP RED APPLES ,5275
SAVE THE PLANET MUG,5265
SET/10 PINK POLKADOT PARTY CANDLES,5257
CACTI T-LIGHT CANDLES,5217
SET OF 3 NOTEBOOKS IN PARCEL,5207
WRAP POPPIES  DESIGN,5175
PACK OF 12 SKULL TISSUES,5166
CHOCOLATE HOT WATER BOTTLE,5160
36 DOILIES VINTAGE CHRISTMAS,5153
CHARLOTTE BAG DOLLY GIRL DESIGN,5085
ALARM CLOCK BAKELIKE PINK,5074
CARD BILLBOARD FONT,5038
RED STRIPE CERAMIC DRAWER KNOB,5035
BAG 250g SWIRLY MARBLES,5004
BLUE STRIPE CERAMIC DRAWER KNOB,4969
PACK OF 60 MUSHROOM CAKE CASES,4967
PENS ASSORTED FUNKY JEWELED ,4933
REVOLVER WOODEN RULER ,4917
JUMBO BAG VINTAGE CHRISTMAS ,4908
BLUE VINTAGE SPOT BEAKER,4901
ZINC T-LIGHT HOLDER STARS SMALL,4894
PAPER CHAIN KIT EMPIRE,4893
SET OF 6 TEA TIME BAKING CASES,4879
WRAP CHRISTMAS VILLAGE,4876
TRAVEL SEWING KIT,4864
BLACK HEART CARD HOLDER,4844
WOODEN TREE CHRISTMAS SCANDINAVIAN,4808
BAKING SET 9 PIECE RETROSPOT ,4797
CHARLOTTE BAG VINTAGE ALPHABET ,4752
HAND WARMER UNION JACK,4746
"FANCY FONT BIRTHDAY CARD, ",4740
MAGIC DRAWING SLATE PURDEY,4721
PINK VINTAGE SPOT BEAKER,4679
WRAP DOILEY DESIGN,4675
SILVER HANGING T-LIGHT HOLDER,4665
SET OF TEA COFFEE SUGAR TINS PANTRY,4663
ZINC FOLKART SLEIGH BELLS,4647
NO SINGING METAL SIGN,4636
HAND WARMER BABUSHKA DESIGN,4633
SLEEPING CAT ERASERS,4598
PLASTERS IN TIN VINTAGE PAISLEY ,4573
WHITE SPOT RED CERAMIC DRAWER KNOB,4564
WRAP 50'S  CHRISTMAS,4563
TRAVEL CARD WALLET VINTAGE TICKET,4552
GREEN VINTAGE SPOT BEAKER,4505
SMALL DOLLY MIX DESIGN ORANGE BOWL,4491
4 TRADITIONAL SPINNING TOPS,4491
PAINTED METAL PEARS ASSORTED,4476
FELTCRAFT DOLL MOLLY,4469
VINTAGE DOILY JUMBO BAG RED ,4447
WRAP I LOVE LONDON ,4425
MINI JIGSAW SPACEBOY,4414
SOMBRERO ,4402
TRAVEL CARD WALLET I LOVE LONDON,4396
RETROSPOT PARTY BAG + STICKER SET,4391
JUMBO BAG PAISLEY PARK,4373
JAZZ HEARTS PURSE NOTEBOOK,4365
SET 12 RETRO WHITE CHALK STICKS,4363
RED RETROSPOT BOWL,4363
MAGIC DRAWING SLATE SPACEBOY ,4331
COLOURING PENCILS BROWN TUBE,4322
CARD DOLLY GIRL ,4319
PAPER CHAIN KIT RETROSPOT,4307
SET OF 6 SNACK LOAF BAKING CASES,4292
AREA PATROLLED METAL SIGN,4290
SMALL WHITE HEART OF WICKER,4283
YOU'RE CONFUSING ME METAL SIGN ,4281
HAND WARMER RED RETROSPOT,4274
RED RETROSPOT SHOPPER BAG,4264
SET 40 HEART SHAPE PETIT FOUR CASES,4260
SCOTTIE DOG HOT WATER BOTTLE,4259
RETROSPOT TEA SET CERAMIC 11 PC ,4248
LONDON BUS COFFEE MUG,4246
EMPIRE DESIGN ROSETTE,4236
PACK OF 20 NAPKINS RED APPLES,4234
JUMBO BAG TOYS ,4198
STAR DECORATION PAINTED ZINC ,4179
TEA PARTY BIRTHDAY CARD,4165
SET OF 20 KIDS COOKIE CUTTERS,4149
HEART DECORATION RUSTIC HANGING ,4143
HANGING HEART WITH BELL,4113
SET 12 KIDS  WHITE CHALK STICKS,4095
RED SPOT CERAMIC DRAWER KNOB,4080
WRAP SUKI AND FRIENDS,4075
PLASTERS IN TIN SKULLS,4036
ASSORTED INCENSE PACK,4032
BEWARE OF THE CAT METAL SIGN ,4027
12 PENCIL SMALL TUBE WOODLAND,4007
BLUE SPOT CERAMIC DRAWER KNOB,4004
WHITE SPOT BLUE CERAMIC DRAWER KNOB,3994
PACK OF 12 PINK POLKADOT TISSUES,3985
SET/10 BLUE POLKADOT PARTY CANDLES,3970
SET OF 72 PINK HEART PAPER DOILIES,3954
CERAMIC STRAWBERRY CAKE MONEY BANK,3927
POTTERING IN THE SHED METAL SIGN,3926
PANTRY WASHING UP BRUSH,3920
PACK OF 12 COLOURED PENCILS,3910
DOORMAT RED RETROSPOT,3901
LADIES & GENTLEMEN METAL SIGN,3899
HEART IVORY TRELLIS SMALL,3863
TEA BAG PLATE RED RETROSPOT,3863
EDWARDIAN PARASOL NATURAL,3826
RED POLKADOT BEAKER ,3822
"RECORD FRAME 7"" SINGLE SIZE ",3812
12 PENCILS TALL TUBE POSY,3809
MOROCCAN TEA GLASS,3808
ROBOT BIRTHDAY CARD,3795
FILIGRIS HEART WITH BUTTERFLY,3781
PAPER BUNTING WHITE LACE,3779
HAND WARMER RED LOVE HEART,3762
CARTOON  PENCIL SHARPENERS,3760
RED RETROSPOT PICNIC BAG,3758
TOILET METAL SIGN,3749
SET OF 3 WOODEN HEART DECORATIONS,3747
HOT WATER BOTTLE TEA AND SYMPATHY,3736
6 GIFT TAGS VINTAGE CHRISTMAS ,3735
DOORMAT NEW ENGLAND,3721
STRAWBERRY LUNCH BOX WITH CUTLERY,3716
GIRAFFE WOODEN RULER,3710
RED WOOLLY HOTTIE WHITE HEART.,3707
METAL SIGN TAKE IT OR LEAVE IT ,3690
REGENCY TEA PLATE PINK,3688
JINGLE BELL HEART DECORATION,3687
JAM JAR WITH PINK LID,3681
SMALL GLASS HEART TRINKET POT,3670
BOX OF 6 MINI VINTAGE CRACKERS,3647
SET OF 3 HANGING OWLS OLLIE BEAK,3642
CHOCOLATE THIS WAY METAL SIGN,3635
DOORMAT UNION FLAG,3625
"FEATHER PEN,HOT PINK",3621
COWBOYS AND INDIANS BIRTHDAY CARD ,3581
IVORY HANGING DECORATION  HEART,3564
POTTERING MUG,3548
JINGLE BELL HEART ANTIQUE SILVER,3547
CHILDRENS APRON SPACEBOY DESIGN,3543
BOX OF 6 MINI 50'S CRACKERS,3539
ANGEL DECORATION 3 BUTTONS ,3532
CHILDRENS CUTLERY POLKADOT PINK,3530
36 PENCILS TUBE RED RETROSPOT,3523
VINTAGE DOILY TRAVEL SEWING KIT,3522
RED RETROSPOT CUP,3519
MAGIC DRAWING SLATE DOLLY GIRL ,3514
ANTIQUE SILVER TEA GLASS ETCHED,3500
CHRISTMAS CRAFT LITTLE FRIENDS,3468
CARD MOTORBIKE SANTA,3438
PLAYING CARDS KEEP CALM & CARRY ON,3435
DOORMAT FAIRY CAKE,3429
PACK OF 12 50'S CHRISTMAS TISSUES,3419
TOILET SIGN OCCUPIED OR VACANT,3414
EMPIRE GIFT WRAP,3400
PIECE OF CAMO STATIONERY SET,3380
CIRCUS PARADE LUNCH BOX ,3375
LOVEBIRD HANGING DECORATION WHITE ,3372
HANGING MINI COLOURED BOTTLES,3370
CARD BIRTHDAY COWBOY,3367
ASSORTED COLOUR T-LIGHT HOLDER,3361
6 GIFT TAGS 50'S CHRISTMAS ,3346
PINK DRAWER KNOB ACRYLIC EDWARDIAN,3345
PARTY METAL SIGN ,3335
RETROSPOT HEART HOT WATER BOTTLE,3335
HERB MARKER BASIL,3329
FENG SHUI PILLAR CANDLE,3317
LETTER SHAPE PENCIL SHARPENER,3316
LUNCH BAG PAISLEY PARK  ,3315
CARD I LOVE LONDON ,3309
PACK OF 12 PINK PAISLEY TISSUES ,3309
SMALL MARSHMALLOWS PINK BOWL,3301
WRAP VINTAGE PETALS  DESIGN,3300
MAGIC DRAWING SLATE CIRCUS PARADE  ,3293
CHRISTMAS STAR WISH LIST CHALKBOARD,3290
BUNDLE OF 3 ALPHABET EXERCISE BOOKS,3286
FELTCRAFT CUSHION OWL,3284
WRAP PAISLEY PARK ,3275
DOORMAT HEARTS,3271
VINTAGE UNION JACK MEMOBOARD,3255
GIN & TONIC DIET GREETING CARD ,3217
PHOTO FRAME CORNICE,3206
HANGING METAL HEART LANTERN,3200
RED RETROSPOT OVEN GLOVE ,3187
CHRISTMAS TOILET ROLL,3176
TOY TIDY PINK POLKADOT,3169
CARD CHRISTMAS VILLAGE,3162
PINK POLKADOT BOWL,3159
BLUE POLKADOT CUP,3156
GREY HEART HOT WATER BOTTLE,3156
PINK FAIRY CAKE CHILDRENS APRON,3144
PINK HEART SHAPE EGG FRYING PAN,3139
POSTAGE,3120
JUMBO BAG DOLLY GIRL DESIGN,3097
CARD CIRCUS PARADE,3088
DOORMAT FANCY FONT HOME SWEET HOME,3088
"KEY FOB , SHED",3087
RED RETROSPOT PLATE ,3074
CHRISTMAS CRAFT WHITE FAIRY ,3073
PANTRY MAGNETIC  SHOPPING LIST,3067
REGENCY MILK JUG PINK ,3066
ROLL WRAP 50'S CHRISTMAS,3058
JAZZ HEARTS ADDRESS BOOK,3057
5 HOOK HANGER RED MAGIC TOADSTOOL,3055
HEART IVORY TRELLIS LARGE,3055
JAM JAR WITH GREEN LID,3047
TRAVEL CARD WALLET TRANSPORT,3044
RETROSPOT CHILDRENS APRON,3039
FELTCRAFT CUSHION RABBIT,3018
FOLKART STAR CHRISTMAS DECORATIONS,3017
PICTURE DOMINOES,2992
SMALL RED RETROSPOT WINDMILL,2974
HOT WATER BOTTLE I AM SO POORLY,2972
PACK OF 12 SPACEBOY TISSUES,2957
REGENCY SUGAR BOWL GREEN,2956
LARGE CERAMIC TOP STORAGE JAR,2954
SET OF 36 TEATIME PAPER DOILIES,2928
ASSORTED BOTTLE TOP  MAGNETS ,2928
FAWN BLUE HOT WATER BOTTLE,2925
3 STRIPEY MICE FELTCRAFT,2923
WASHROOM METAL SIGN,2922
HOUSE SHAPE PENCIL SHARPENER,2915
PENNY FARTHING BIRTHDAY CARD,2915
TRADITIONAL WOODEN CATCH CUP GAME ,2914
NATURAL SLATE RECTANGLE CHALKBOARD,2911
LARGE WHITE HEART OF WICKER,2908
TRADITIONAL CHRISTMAS RIBBONS,2907
3 HEARTS HANGING DECORATION RUSTIC,2895
SMALL FOLDING SCISSOR(POINTED EDGE),2892
RECIPE BOX RETROSPOT ,2870
CHRISTMAS METAL TAGS ASSORTED ,2863
ROLL WRAP VINTAGE CHRISTMAS,2857
LUNCH BOX WITH CUTLERY RETROSPOT ,2853
WRAP CIRCUS PARADE,2852
GIN AND TONIC MUG,2852
SET OF 6 RIBBONS VINTAGE CHRISTMAS,2843
GLASS HEART T-LIGHT HOLDER ,2843
MINI PLAYING CARDS BUFFALO BILL ,2841
MINI JIGSAW DOLLY GIRL,2824
LIPSTICK PEN RED,2812
BLUE POLKADOT BEAKER ,2812
WHITE ROCKING HORSE HAND PAINTED,2803
LAUNDRY 15C METAL SIGN,2791
MEMO BOARD RETROSPOT  DESIGN,2786
HAPPY STENCIL CRAFT,2785
SET 12 COLOUR PENCILS SPACEBOY ,2785
EDWARDIAN PARASOL BLACK,2779
WRAP DOLLY GIRL,2775
COFFEE MUG APPLES DESIGN,2770
VINTAGE CHRISTMAS BUNTING,2755
ASS FLORAL PRINT MULTI SCREWDRIVER,2754
SCANDINAVIAN REDS RIBBONS,2747
HEART FILIGREE DOVE LARGE,2737
ENGLISH ROSE NOTEBOOK A7 SIZE,2729
BLUE POLKADOT BOWL,2729
ALARM CLOCK BAKELIKE IVORY,2728
SET OF 9 BLACK SKULL BALLOONS,2727
MINI PLAYING CARDS SPACEBOY ,2718
VICTORIAN  METAL POSTCARD SPRING,2708
SET/3 RED GINGHAM ROSE STORAGE BOX,2704
CHRISTMAS METAL POSTCARD WITH BELLS,2704
WHITE SKULL HOT WATER BOTTLE ,2702
FELTCRAFT CUSHION BUTTERFLY,2698
SET 2 PANTRY DESIGN TEA TOWELS,2697
FOLKART ZINC HEART CHRISTMAS DEC,2692
PHOTO CUBE,2688
SET OF 9 HEART SHAPED BALLOONS,2680
CARD GINGHAM ROSE ,2678
ALPHABET STENCIL CRAFT,2673
ICE CREAM BUBBLES,2667
REGENCY TEAPOT ROSES ,2666
RECYCLED PENCIL WITH RABBIT ERASER,2665
HOME BUILDING BLOCK WORD,2654
SET OF 36 DOILIES PANTRY DESIGN,2653
12 PENCILS TALL TUBE RED RETROSPOT,2652
PACK OF 12 VINTAGE CHRISTMAS TISSUE,2642
GIANT 50'S CHRISTMAS CRACKER,2635
CLASSIC CAFE SUGAR DISPENSER,2634
CAMOUFLAGE LED TORCH,2628
 SET 2 TEA TOWELS I LOVE LONDON ,2627
LOVE HEART POCKET WARMER,2620
PIGGY BANK RETROSPOT ,2619
PURPLE DRAWERKNOB ACRYLIC EDWARDIAN,2614
SET 20 NAPKINS FAIRY CAKES DESIGN ,2609
ZINC WILLIE WINKIE  CANDLE STICK,2607
TEA TIME TEA TOWELS ,2600
ASSORTED CREEPY CRAWLIES,2599
ROLL WRAP VINTAGE SPOT ,2593
PINK  POLKADOT CUP,2574
SPACEBOY BEAKER,2571
RIBBON REEL STRIPES DESIGN ,2558
MAGNETS PACK OF 4 SWALLOWS,2545
SET OF 6 NATIVITY MAGNETS ,2543
VINTAGE UNION JACK BUNTING,2540
SET OF 5 LUCKY CAT MAGNETS ,2538
TRAVEL CARD WALLET UNION JACK,2527
CHILDRENS CUTLERY POLKADOT BLUE,2524
ASSORTED LAQUERED INCENSE HOLDERS,2516
3 PIECE SPACEBOY COOKIE CUTTER SET,2514
FINE WICKER HEART ,2508
RETRO COFFEE MUGS ASSORTED,2508
MUSICAL ZINC HEART DECORATION ,2499
SET/20 STRAWBERRY PAPER NAPKINS ,2494
CHILDRENS CUTLERY RETROSPOT RED ,2492
MINI PLAYING CARDS DOLLY GIRL ,2476
SET OF 4 JAM JAR MAGNETS,2472
KNITTED UNION FLAG HOT WATER BOTTLE,2469
SCANDINAVIAN PAISLEY PICNIC BAG,2467
VINTAGE CHRISTMAS CAKE FRILL,2465
PACK OF 6 COCKTAIL PARASOL STRAWS,2465
GLITTER CHRISTMAS STAR ,2465
"FEATHER PEN,COAL BLACK",2462
SET OF SALT AND PEPPER TOADSTOOLS,2461
RED RETROSPOT SMALL MILK JUG,2460
RED RETROSPOT PEG BAG,2460
ANGEL DECORATION STARS ON DRESS,2459
CLASSIC CHROME BICYCLE BELL ,2454
ASSORTED TUTTI FRUTTI PEN,2452
MINI PAINTED GARDEN DECORATION ,2452
MINI JIGSAW CIRCUS PARADE ,2451
WRAP  VINTAGE DOILY ,2450
CHRISTMAS CRAFT TREE TOP ANGEL,2448
STAR WOODEN CHRISTMAS DECORATION,2445
RED SPOT PAPER GIFT BAG,2444
GLITTER HEART DECORATION,2435
TREASURE ISLAND BOOK BOX,2431
NAMASTE SWAGAT INCENSE,2427
HANGING JAM JAR T-LIGHT HOLDERS,2413
PINK VINTAGE PAISLEY PICNIC BAG,2410
PINK PARTY BAGS,2409
PANTRY ROLLING PIN,2407
 DOLLY GIRL BEAKER,2398
PACK OF 6 SANDCASTLE FLAGS ASSORTED,2397
VINTAGE KID DOLLY CARD ,2393
SMALL HEART MEASURING SPOONS,2385
EMBOSSED GLASS TEALIGHT HOLDER,2381
VICTORIAN SEWING KIT,2371
20 DOLLY PEGS RETROSPOT,2368
SPACEBOY CHILDRENS BOWL,2367
QUEENS GUARD COFFEE MUG,2365
PAINT YOUR OWN CANVAS SET,2354
LOVE HOT WATER BOTTLE,2352
PLACE SETTING WHITE STAR,2351
POTTING SHED TEA MUG,2346
WOOD 2 DRAWER CABINET WHITE FINISH,2341
FRENCH STYLE STORAGE JAR BONBONS,2338
CUPCAKE LACE PAPER SET 6,2321
SET/2 RED RETROSPOT TEA TOWELS ,2319
FLUTED ANTIQUE CANDLE HOLDER,2313
RAINY LADIES BIRTHDAY CARD,2304
MINI PLAYING CARDS GYMKHANA,2298
SET OF 6 SOLDIER SKITTLES,2297
I'M ON HOLIDAY METAL SIGN,2294
SET OF 4 KNICK KNACK TINS DOILY ,2294
TEA TIME PARTY BUNTING,2291
PANTRY SCRUBBING BRUSH,2289
COFFEE MUG PEARS  DESIGN,2288
PINK HAPPY BIRTHDAY BUNTING,2287
SET OF 5 PANCAKE DAY MAGNETS,2283
CHRISTMAS TREE PAINTED ZINC ,2283
DOVE DECORATION PAINTED ZINC ,2283
WRAP GINGHAM ROSE ,2276
SET 6 PAPER TABLE LANTERN HEARTS ,2265
TEA PARTY  WRAPPING PAPER ,2250
LOVE HEART TRINKET POT,2248
ASSTD FRUIT+FLOWERS FRIDGE MAGNETS,2244
CHRISTMAS RETROSPOT ANGEL WOOD,2238
TRAVEL CARD WALLET SUKI,2236
SMALL HANGING IVORY/RED WOOD BIRD,2234
PACK OF 12 BLUE PAISLEY TISSUES ,2223
FELTCRAFT PRINCESS CHARLOTTE DOLL,2223
RED ROCKING HORSE HAND PAINTED,2208
ROCKING HORSE RED CHRISTMAS ,2207
STAR DECORATION RUSTIC,2203
CHILDRENS APRON APPLES DESIGN,2201
SET/6 COLLAGE PAPER CUPS,2199
VINTAGE CHRISTMAS STOCKING ,2199
ASSORTED TUTTI FRUTTI BRACELET,2197
SET OF 10 LED DOLLY LIGHTS,2194
PACK OF 6 SKULL PAPER PLATES,2194
ALARM CLOCK BAKELIKE ORANGE,2182
HEART WREATH DECORATION WITH BELL,2167
PACK OF 6 LARGE FRUIT STRAWS ,2156
SET 12 COLOUR PENCILS DOLLY GIRL ,2155
IVORY WICKER HEART SMALL,2154
BAKING SET SPACEBOY DESIGN,2153
METAL 4 HOOK HANGER FRENCH CHATEAU,2151
RETROSPOT CIGAR BOX MATCHES ,2151
GLASS BON BON JAR,2136
BLUE POLKADOT PLATE ,2131
SET OF 12  VINTAGE POSTCARD SET,2130
VINTAGE GLASS T-LIGHT HOLDER,2130
HEART WOODEN CHRISTMAS DECORATION,2124
LUNCH BAG SUKI  DESIGN ,2121
COFFEE MUG CAT + BIRD DESIGN,2118
BUNDLE OF 3 RETRO NOTE BOOKS,2116
"ELEPHANT, BIRTHDAY CARD, ",2114
12 COLOURED PARTY BALLOONS,2110
TRAVEL CARD WALLET RETROSPOT,2107
KNICKERBOCKERGLORY MAGNET ASSORTED ,2106
WRAP RED VINTAGE DOILY,2100
WOODEN HAPPY BIRTHDAY GARLAND,2093
PARTY CHARMS 50 PIECES,2093
SILVER BELLS TABLE DECORATION,2093
ABC TREASURE BOOK BOX ,2090
PACK 3 BOXES BIRD PANNETONE ,2088
PACK OF 12 VINTAGE DOILY TISSUES,2087
RED RETROSPOT TISSUE BOX,2087
DRAWER KNOB CRACKLE GLAZE IVORY,2084
TRAVEL CARD WALLET SKULLS,2078
MINIATURE ANTIQUE ROSE HOOK IVORY,2070
PACK OF 20 SKULL PAPER NAPKINS,2068
SET 6 SCHOOL MILK BOTTLES IN CRATE,2067
VANILLA INCENSE IN TIN,2066
MINI JIGSAW PURDEY,2065
SET/6 PINK  BUTTERFLY T-LIGHTS,2060
BISCUIT TIN 50'S CHRISTMAS,2060
RED SPOTTY BISCUIT TIN,2058
DRAWER KNOB CERAMIC IVORY,2053
CERAMIC CHERRY CAKE MONEY BANK,2052
WRAP COWBOYS  ,2050
PACK OF 6 SKULL PAPER CUPS,2050
CHRISTMAS GINGHAM STAR,2049
BLUE POLKADOT COFFEE MUG,2047
CANDLEHOLDER PINK HANGING HEART,2046
MULTICOLOUR SPRING FLOWER MUG,2042
STRAWBERRY SHOPPER BAG,2036
SET OF 36 PAISLEY FLOWER DOILIES,2036
TRADITIONAL NAUGHTS & CROSSES,2036
IVORY WICKER HEART MEDIUM,2030
ZINC T-LIGHT HOLDER STAR LARGE,2030
DOORMAT WELCOME PUPPIES,2028
TREASURE TIN GYMKHANA DESIGN,2024
HEART DECORATION PAINTED ZINC ,2024
PACK OF 12 CIRCUS PARADE TISSUES ,2024
12 PENCILS TALL TUBE SKULLS,2019
FAIRY TALE COTTAGE NIGHTLIGHT,2016
PACK OF 6 PANNETONE GIFT BOXES,2015
RIBBON REEL SNOWY VILLAGE,2007
RED DRAWER KNOB ACRYLIC EDWARDIAN,2007
TEA TIME OVEN GLOVE,2004
36 FOIL HEART CAKE CASES,2003
KINGS CHOICE MUG,2000
IVORY WICKER HEART LARGE,1996
ENAMEL FLOWER JUG CREAM,1995
GENTLEMAN SHIRT REPAIR KIT ,1992
WHITE JEWELLED HEART DECORATION,1986
CHILDRENS CUTLERY SPACEBOY ,1982
FRENCH STYLE STORAGE JAR CAFE ,1982
CHILDREN'S APRON DOLLY GIRL ,1982
WATERING CAN BLUE ELEPHANT,1981
SET OF 2 TEA TOWELS APPLE AND PEARS,1980
DOORMAT ENGLISH ROSE ,1975
SET OF 3 WOODEN STOCKING DECORATION,1975
HANGING HEART MIRROR DECORATION ,1969
HANGING METAL STAR LANTERN,1965
PINK BABY BUNTING,1965
FELTCRAFT PRINCESS LOLA DOLL,1964
ENGLISH ROSE GARDEN SECATEURS,1958
BOUDOIR SQUARE TISSUE BOX,1957
KITCHEN METAL SIGN,1956
SET 2 TEA TOWELS I LOVE LONDON ,1953
SPACEBOY CHILDRENS CUP,1952
BLUE HAPPY BIRTHDAY BUNTING,1950
"WRAP, BILLBOARD FONTS DESIGN",1950
SILVER STARS TABLE DECORATION,1948
JUMBO BAG SCANDINAVIAN PAISLEY,1947
LOVE BUILDING BLOCK WORD,1946
SKULL LUNCH BOX WITH CUTLERY ,1946
EMPIRE TISSUE BOX,1945
"FEATHER PEN,LIGHT PINK",1936
LIPSTICK PEN FUSCHIA,1925
CREAM CUPID HEARTS COAT HANGER,1918
"KEY FOB , FRONT  DOOR ",1915
PINK  POLKADOT PLATE ,1911
DAIRY MAID STRIPE MUG,1907
LARGE RED RETROSPOT WINDMILL,1900
WRAP GREEN PEARS ,1900
FELTCRAFT CHRISTMAS FAIRY,1896
POPPY'S PLAYHOUSE KITCHEN,1895
REX CASH+CARRY JUMBO SHOPPER,1893
FOOD CONTAINER SET 3 LOVE HEART ,1890
 50'S CHRISTMAS GIFT BAG LARGE,1885
SKULLS GREETING CARD,1884
RED FLORAL FELTCRAFT SHOULDER BAG,1876
HANGING WOOD AND FELT FLOWER,1876
HEART DECORATION WITH PEARLS ,1875
SET 12 COLOURING PENCILS DOILY,1874
HEADS AND TAILS SPORTING FUN,1873
"KEY FOB , GARAGE DESIGN",1872
SKULLS  WATER TRANSFER TATTOOS ,1872
VINTAGE BILLBOARD TEA MUG,1868
TRAVEL CARD WALLET PANTRY,1862
EASTER DECORATION HANGING BUNNY,1861
SET 6 PAPER TABLE LANTERN STARS ,1860
CHRISTMAS HANGING TREE WITH BELL,1859
CARD SUKI BIRTHDAY,1858
HERB MARKER ROSEMARY,1858
BUFFALO BILL TREASURE BOOK BOX,1855
GREEN DRAWER KNOB ACRYLIC EDWARDIAN,1852
RETROSPOT WOODEN HEART DECORATION,1852
12 PENCILS TALL TUBE WOODLAND,1851
WRAP ALPHABET POSTER  ,1850
"BIRTHDAY CARD, RETRO SPOT",1848
TRADITIONAL PICK UP STICKS GAME ,1846
RED RETROSPOT UMBRELLA,1846
SINGLE ANTIQUE ROSE HOOK IVORY,1845
SET OF 3 WOODEN SLEIGH DECORATIONS,1845
"SET 3 RETROSPOT TEA,COFFEE,SUGAR",1841
FOLDING BUTTERFLY MIRROR HOT PINK ,1839
MOTORING TISSUE BOX,1828
GINGHAM ROSE WRAP,1825
HOME SWEET HOME HANGING HEART,1823
CHRISTMAS DECOUPAGE CANDLE,1821
EASTER CRAFT 4 CHICKS ,1819
HERB MARKER THYME,1819
MAGIC DRAWING SLATE DINOSAUR,1818
RED RETROSPOT MUG,1814
CARD PSYCHEDELIC APPLES,1810
RED RETROSPOT CAKE STAND,1809
SET OF 4 KNICK KNACK TINS DOILEY ,1803
SMALL RED BABUSHKA NOTEBOOK ,1802
WRAP BILLBOARD FONTS DESIGN,1800
3 RAFFIA RIBBONS 50'S CHRISTMAS ,1792
GARLAND WOODEN HAPPY EASTER,1788
SET OF 4 KNICK KNACK TINS LONDON ,1788
SCENTED VELVET LOUNGE CANDLE ,1788
POPPY'S PLAYHOUSE BEDROOM ,1788
DOORMAT BLACK FLOCK ,1787
NO JUNK MAIL METAL SIGN,1785
IVORY KITCHEN SCALES,1783
RED VINTAGE SPOT BEAKER,1782
VINTAGE CHRISTMAS GIFT BAG LARGE ,1781
ALARM CLOCK BAKELIKE CHOCOLATE,1776
RING OF ROSES BIRTHDAY CARD,1776
VINTAGE  2 METER FOLDING RULER,1776
HERB MARKER PARSLEY,1776
ANIMAL STICKERS,1773
KEY RING BASEBALL BOOT UNION JACK,1772
CALENDAR PAPER CUT DESIGN,1768
WOODLAND PARTY BAG + STICKER SET,1768
6 ROCKET BALLOONS ,1768
SUKI  SHOULDER BAG,1763
DECORATIVE WICKER HEART MEDIUM,1761
CERAMIC HEART FAIRY CAKE MONEY BANK,1757
FRENCH WC SIGN BLUE METAL,1754
VINTAGE DONKEY TAIL GAME ,1750
CERAMIC STRAWBERRY DESIGN MUG,1749
SET 3 PAPER VINTAGE CHICK PAPER EGG,1749
"KEY FOB , BACK DOOR ",1746
SCANDINAVIAN 3 HEARTS NAPKIN RING,1746
MAGIC DRAWING SLATE BAKE A CAKE ,1745
CHRISTMAS GINGHAM TREE,1744
WOODEN UNION JACK BUNTING,1734
BICYCLE PUNCTURE REPAIR KIT ,1731
PARTY CONES CANDY ASSORTED,1729
PACK OF SIX LED TEA LIGHTS,1729
3 HOOK PHOTO SHELF ANTIQUE WHITE,1723
ASSORTED COLOUR MINI CASES,1719
MINI LIGHTS WOODLAND MUSHROOMS,1719
BLUE EGG  SPOON,1718
MAGIC DRAWING SLATE BUNNIES ,1716
RIBBON REEL HEARTS DESIGN ,1715
HOME SWEET HOME METAL SIGN ,1714
REGENCY SUGAR TONGS,1714
DECORATIVE WICKER HEART LARGE,1712
RED RETROSPOT MINI CASES,1712
BOX OF 6 CHRISTMAS CAKE DECORATIONS,1712
HANGING CLEAR MINI BOTTLE,1710
CREAM SWEETHEART MINI CHEST,1705
MAGNETS PACK OF 4 VINTAGE COLLAGE,1705
PARTY PIZZA DISH RED RETROSPOT,1705
 RED SPOT GIFT BAG LARGE,1700
MINI WOODEN HAPPY BIRTHDAY GARLAND,1699
TRAVEL CARD WALLET FLOWER MEADOW,1699
LARGE HEART MEASURING SPOONS,1699
PAPER BUNTING COLOURED LACE,1698
CHILDREN'S SPACEBOY MUG,1691
CHILDRENS CUTLERY POLKADOT GREEN ,1688
WALL TIDY RETROSPOT ,1685
FAIRY CAKES NOTEBOOK A7 SIZE,1684
SET OF 3 WOODEN TREE DECORATIONS,1680
SMALL HEART FLOWERS HOOK ,1679
BUNDLE OF 3 SCHOOL EXERCISE BOOKS  ,1678
SET/6 COLLAGE PAPER PLATES,1672
BLACK WINE GLASS,1672
HERB MARKER MINT,1669
PLAYING CARDS JUBILEE UNION JACK,1668
SET OF 3 BIRD LIGHT PINK FEATHER ,1668
SCOTTIE DOGS BABY BIB,1663
DOORMAT SPOTTY HOME SWEET HOME,1662
SMALL CHOCOLATES PINK BOWL,1662
SET 7 BABUSHKA NESTING BOXES,1654
FELTCRAFT DOLL ROSIE,1653
HERB MARKER CHIVES ,1648
WATERING CAN PINK BUNNY,1648
PACK OF 6 SMALL FRUIT STRAWS,1648
ANTIQUE GLASS DRESSING TABLE POT,1643
SET OF 5 MINI GROCERY MAGNETS,1638
BISCUIT TIN VINTAGE CHRISTMAS,1635
GYMKHANA TREASURE BOOK BOX,1634
VINTAGE RED ENAMEL TRIM MUG ,1634
36 PENCILS TUBE SKULLS,1631
CAMOUFLAGE DESIGN TEDDY,1630
EDWARDIAN PARASOL RED,1630
CHILDRENS CUTLERY DOLLY GIRL ,1628
12 MESSAGE CARDS WITH ENVELOPES,1628
PACK OF 12 PAISLEY PARK TISSUES ,1617
3 HOOK HANGER MAGIC GARDEN,1617
RED GINGHAM ROSE JEWELLERY BOX,1616
WICKER STAR ,1612
REGENCY CAKE FORK,1608
PINK DOUGHNUT TRINKET POT ,1608
CHRISTMAS TABLE SILVER CANDLE SPIKE,1606
36 PENCILS TUBE WOODLAND,1597
DOORMAT HOME SWEET HOME BLUE ,1597
VINTAGE LEAF MAGNETIC NOTEPAD,1596
ROLL WRAP 50'S RED CHRISTMAS ,1596
STAR WREATH DECORATION WITH BELL,1595
FILIGREE HEART BUTTERFLY WHITE ,1592
WHITE METAL LANTERN,1591
CLASSIC BICYCLE CLIPS ,1591
SWALLOW SQUARE TISSUE BOX,1591
STRAWBERRY   PICNIC BAG,1591
POLKADOT RAIN HAT ,1589
RIBBON REEL CHRISTMAS SOCK BAUBLE,1588
IF YOU CAN'T STAND THE HEAT MUG,1586
KEY RING BASEBALL BOOT ASSORTED ,1585
CARD PARTY GAMES ,1581
CHOCOLATE BOX RIBBONS ,1580
LADS ONLY TISSUE BOX,1578
OPEN CLOSED METAL SIGN,1577
SMALL PURPLE BABUSHKA NOTEBOOK ,1577
SET/6 FRUIT SALAD PAPER CUPS,1576
WRAP FLOWER SHOP  ,1575
VINTAGE SNAKES & LADDERS,1575
BLUE DRAWER KNOB ACRYLIC EDWARDIAN,1574
CHRISTMAS LIGHTS 10 REINDEER,1572
BANQUET BIRTHDAY  CARD  ,1572
6 RIBBONS ELEGANT CHRISTMAS ,1565
VINTAGE CHRISTMAS PAPER GIFT BAG,1563
PORCELAIN ROSE SMALL,1560
CARD CAT AND TREE ,1560
SANDALWOOD FAN,1559
CHICK GREY HOT WATER BOTTLE,1555
DOLLY GIRL CHILDRENS BOWL,1553
BINGO SET,1553
POLYESTER FILLER PAD 40x40cm,1551
FRENCH ENAMEL CANDLEHOLDER,1549
DOLLY GIRL CHILDRENS CUP,1549
LUNCH BAG RED VINTAGE DOILY,1548
RED 3 PIECE RETROSPOT CUTLERY SET,1543
CHRISTMAS RETROSPOT STAR WOOD,1540
SMALL ZINC HEART WALL ORGANISER,1538
ETCHED GLASS COASTER,1536
VINTAGE BILLBOARD LOVE/HATE MUG,1535
WOODEN OWLS LIGHT GARLAND ,1535
MIRROR MOSAIC T-LIGHT HOLDER ,1533
PACK 3 BOXES CHRISTMAS PANNETONE,1532
SET 12 COLOUR PENCILS LOVE LONDON,1531
CHILDRENS DOLLY GIRL MUG,1523
3D VINTAGE CHRISTMAS STICKERS ,1522
BLACK CHAMPAGNE GLASS,1517
DOORSTOP RETROSPOT HEART,1516
FELTCRAFT PRINCESS OLIVIA DOLL,1514
CARD WEDDING DAY,1506
PARTY CONE CHRISTMAS DECORATION ,1505
SET 36 COLOUR PENCILS SPACEBOY ,1505
PORCELAIN BUDAH INCENSE HOLDER,1501
RED POLKADOT COFFEE  MUG,1499
RETROSPOT GIANT TUBE MATCHES,1497
METAL SIGN EMPIRE TEA,1495
DECORATIVE WICKER HEART SMALL,1492
TRAVEL CARD WALLET RETRO PETALS,1490
CHRISTMAS MUSICAL ZINC STAR,1489
PACK OF 20 SPACEBOY NAPKINS,1488
PACK OF 12 VINTAGE LEAF TISSUES ,1487
FRIDGE MAGNETS US DINER ASSORTED,1482
KNEELING MAT HOUSEWORK  DESIGN,1481
RED KITCHEN SCALES,1476
RED RETROSPOT SUGAR JAM BOWL,1473
3D TRADITIONAL CHRISTMAS STICKERS,1471
MINI CAKE STAND T-LIGHT HOLDER,1464
REINDEER HEART DECORATION SILVER,1461
RED RETROSPOT TAPE,1458
METAL DECORATION NAUGHTY CHILDREN ,1456
NATURAL SLATE CHALKBOARD LARGE ,1452
BLUE PARTY BAGS ,1451
COFFEE MUG DOG + BALL DESIGN,1450
PAINTED METAL STAR WITH HOLLY BELLS,1450
TEATIME ROUND PENCIL SHARPENER ,1437
TREASURE TIN BUFFALO BILL ,1436
MINI JIGSAW BAKE A CAKE ,1436
POLKADOT COFFEE CUP & SAUCER PINK,1435
SET OF 2 CERAMIC CHRISTMAS REINDEER,1435
NATURAL HANGING QUILTED HEARTS ,1432
SLATE TILE NATURAL HANGING,1428
PICNIC BASKET WICKER SMALL,1427
MOODY GIRL DOOR HANGER ,1427
IVORY DINER WALL CLOCK,1426
WHITE WICKER STAR ,1426
DANISH ROSE PHOTO FRAME,1424
ENGLISH ROSE HOT WATER BOTTLE,1423
FOUR HOOK  WHITE LOVEBIRDS,1422
DOORMAT MULTICOLOUR STRIPE,1419
SWALLOW WOODEN CHRISTMAS DECORATION,1419
BIRDHOUSE GARDEN MARKER ,1417
TOXIC AREA  DOOR HANGER ,1416
SILVER GLITTER FLOWER VOTIVE HOLDER,1407
VINTAGE CARAVAN GREETING CARD ,1406
CARAVAN SQUARE TISSUE BOX,1405
REGENCY TEA SPOON,1404
CHARLIE AND LOLA FIGURES TINS,1404
CERAMIC CAKE DESIGN SPOTTED MUG,1404
MONSTERS STENCIL CRAFT,1398
PEG BAG APPLES DESIGN,1398
FILIGREE HEART BIRD WHITE ,1397
MAGNETS PACK OF 4 HOME SWEET HOME,1393
FELT FARM ANIMAL WHITE BUNNY ,1393
PINK 3 PIECE POLKADOT CUTLERY SET,1392
ROUND CONTAINER SET OF 5 RETROSPOT,1387
TRAVEL CARD WALLET VINTAGE LEAF,1385
FULL ENGLISH BREAKFAST PLATE,1383
FRENCH BATHROOM SIGN BLUE METAL,1382
PEARL CRYSTAL PUMPKIN T-LIGHT HLDR,1380
DOORMAT WELCOME TO OUR HOME,1378
BAG 500g SWIRLY MARBLES,1377
VANILLA SCENT CANDLE JEWELLED BOX,1375
ASSTD MULTICOLOUR CIRCLES MUG,1375
GREEN POLKADOT BOWL,1373
WOOD S/3 CABINET ANT WHITE FINISH,1370
S/4 VALENTINE DECOUPAGE HEART BOX,1369
STARS GIFT TAPE ,1368
FLORAL FOLK STATIONERY SET,1366
MEMO BOARD COTTAGE DESIGN,1365
VINTAGE CHRISTMAS GIFT SACK,1365
PINK PAISLEY SQUARE TISSUE BOX ,1364
REGENCY TEA STRAINER,1362
RED HEART SHAPE LOVE BUCKET ,1358
I CAN ONLY PLEASE ONE PERSON MUG,1357
BLACK AND WHITE CAT BOWL,1357
ILLUSTRATED CAT BOWL ,1356
RETROSPOT RED WASHING UP GLOVES,1356
RED DINER WALL CLOCK,1352
LAVENDER SCENTED FABRIC HEART,1352
HAIRCLIPS FORTIES FABRIC ASSORTED,1346
WATERING CAN GREEN DINOSAUR,1341
DOG BOWL CHASING BALL DESIGN,1341
LIGHT GARLAND BUTTERFILES PINK,1340
DECORATION SITTING BUNNY,1335
CLASSIC GLASS COOKIE JAR,1334
SKETCHBOOK MAGNETIC SHOPPING LIST,1332
HYACINTH BULB T-LIGHT CANDLES,1328
50'S CHRISTMAS PAPER GIFT BAG,1327
WRAP WEDDING DAY,1325
VINTAGE  2 METRE FOLDING RULER,1322
BASKET OF TOADSTOOLS,1322
SET OF 6 3D KIT CARDS FOR KIDS,1322
HANGING  BUTTERFLY T-LIGHT HOLDER,1322
POPPY'S PLAYHOUSE LIVINGROOM ,1319
RETROSPOT LARGE MILK JUG,1317
PIG KEYRING WITH LIGHT & SOUND ,1316
FELTCRAFT DOLL EMILY,1301
RIBBON REEL LACE DESIGN ,1300
WRAP BIRD GARDEN ,1300
OVEN MITT APPLES DESIGN,1298
MINI CAKE STAND WITH HANGING CAKES,1297
CHERUB HEART DECORATION SILVER ,1297
SET 36 COLOUR PENCILS DOLLY GIRL,1296
KITTY PENCIL ERASERS,1296
BOX OF VINTAGE ALPHABET BLOCKS,1295
CHRISTMAS RETROSPOT TREE WOOD,1295
SET 36 COLOURING PENCILS DOILY,1294
METAL SIGN HER DINNER IS SERVED ,1290
WATERING CAN GARDEN MARKER,1290
LAUREL HEART ANTIQUE SILVER,1290
RED  EGG  SPOON,1290
RED METAL BEACH SPADE ,1289
WOOD STAMP SET THANK YOU,1289
SKULL SHOULDER BAG,1288
FRIDGE MAGNETS LES ENFANTS ASSORTED,1281
CHRISTMAS LIGHTS 10 VINTAGE BAUBLES,1280
FRENCH TOILET SIGN BLUE METAL,1274
PRETTY HANGING QUILTED HEARTS,1274
LARGE CHINESE STYLE SCISSOR,1273
FAIRY CAKES NOTEBOOK A6 SIZE,1272
DRAWER KNOB CRACKLE GLAZE GREEN,1272
WOODEN ROUNDERS GARDEN SET ,1269
GLAMOROUS  MUG,1269
15CM CHRISTMAS GLASS BALL 20 LIGHTS,1266
BIG DOUGHNUT FRIDGE MAGNETS,1266
CANDY HEART HANGING DECORATION,1265
GLITTER HANGING BUTTERFLY STRING,1265
ROCKING HORSE GREEN CHRISTMAS ,1265
CINNAMON SCENTED VOTIVE CANDLE,1264
PARTY TIME PENCIL ERASERS,1261
WHITE SAGE INCENSE,1260
RED CHARLIE+LOLA PERSONAL DOORSIGN,1256
FOLDING BUTTERFLY MIRROR RED  ,1252
ASSTD DESIGN RACING CAR PEN,1252
STORAGE TIN VINTAGE DOILY ,1251
DARK BIRD HOUSE TREE DECORATION,1251
WRAP MONSTER FUN ,1250
MINI CAKE STAND  HANGING STRAWBERY,1248
SET/6 TURQUOISE BUTTERFLY T-LIGHTS,1248
BOYS ALPHABET IRON ON PATCHES,1248
SET 12 VINTAGE DOILY CHALK ,1247
SILVER HEARTS TABLE DECORATION,1245
FOOD/DRINK SPONGE STICKERS,1244
HANGING CHICK CREAM DECORATION,1243
VINYL RECORD FRAME SILVER,1236
DRAWER KNOB CRACKLE GLAZE PINK,1234
SWISS CHALET TREE DECORATION ,1233
METAL SIGN DROP YOUR PANTS,1232
ROTATING LEAVES T-LIGHT HOLDER,1228
RIBBON REEL CHRISTMAS PRESENT ,1227
DINOSAUR LUNCH BOX WITH CUTLERY,1227
MINI FUNKY DESIGN TAPES,1226
TUMBLER NEW ENGLAND,1226
PINK PAISLEY ROSE GIFT WRAP,1225
MAGNETS PACK OF 4 VINTAGE LABELS ,1223
STRAWBERRY HONEYCOMB  GARLAND ,1220
RECIPE BOX BLUE SKETCHBOOK DESIGN,1219
MODERN FLORAL STATIONERY SET,1219
SET OF 12 FORK CANDLES,1215
HANGING QUILTED PATCHWORK APPLES,1215
LANTERN CREAM GAZEBO ,1214
TOTE BAG I LOVE LONDON,1212
MAGIC SHEEP WOOL GROWING FROM PAPER,1212
BOYS VINTAGE TIN SEASIDE BUCKET,1206
PACK OF 12 DOLLY GIRL TISSUES,1203
KIDS RAIN MAC BLUE,1203
FRYING PAN UNION FLAG,1200
LIPSTICK PEN BABY PINK,1199
"HOOK, 1 HANGER ,MAGIC GARDEN",1199
FILIGREE HEART DAISY WHITE,1199
ROMANTIC PINKS RIBBONS ,1198
SET OF 6 T-LIGHTS SANTA,1198
N0 SINGING METAL SIGN,1197
PAINTED METAL HEART WITH HOLLY BELL,1196
BLACK AND WHITE DOG BOWL,1194
PICNIC BASKET WICKER LARGE,1194
ENAMEL MEASURING JUG CREAM,1193
CHILDREN'S CIRCUS PARADE MUG,1192
PAPER BUNTING VINTAGE PAISLEY,1190
CHRISTMAS CARD SCREEN PRINT ,1188
FRIDGE MAGNETS LA VIE EN ROSE,1188
COSY HOUR CIGAR BOX MATCHES ,1187
ZINC  STAR T-LIGHT HOLDER ,1186
GREEN CHRISTMAS TREE CARD HOLDER,1183
MAGNETS PACK OF 4 RETRO PHOTO,1182
RIBBON REEL POLKADOTS ,1182
FRENCH KITCHEN SIGN BLUE METAL,1176
DO NOT TOUCH MY STUFF DOOR HANGER ,1176
TROPICAL  HONEYCOMB PAPER GARLAND ,1175
PACK OF 12 RED APPLE TISSUES,1175
SET OF 4 NAPKIN CHARMS CUTLERY,1173
CARD DOG AND BALL ,1170
BLUE 3 PIECE POLKADOT CUTLERY SET,1170
POPART RECT PENCIL SHARPENER ASST,1166
SET OF 2 CERAMIC PAINTED HEARTS ,1166
MIRROR MOSAIC T-LIGHT HOLDER ROUND,1165
VINTAGE PAISLEY STATIONERY SET,1163
HANGING SPRING FLOWER EGG SMALL,1163
ASSTD DESIGN 3D PAPER STICKERS,1162
SET 3 SONG BIRD PAPER EGGS ASSORTED,1161
DOORMAT UNION JACK GUNS AND ROSES,1159
SET OF 4 SANTA PLACE SETTINGS,1158
ASSORTED EASTER GIFT TAGS,1156
TOY TIDY SPACEBOY  ,1156
3 TRADITIONAl BISCUIT CUTTERS  SET,1156
EASTER TIN BUNNY BOUQUET,1150
EMPIRE BIRTHDAY CARD,1143
SET/6 FRUIT SALAD  PAPER PLATES,1143
STAR T-LIGHT HOLDER WILLIE WINKIE,1142
MULTICOLOUR HONEYCOMB FAN,1142
GIRLS VINTAGE TIN SEASIDE BUCKET,1141
RED RETROSPOT CHILDRENS UMBRELLA,1140
CHRISTMAS TREE STAR DECORATION,1138
SILVER MUG BONE CHINA TREE OF LIFE,1138
PANTRY CHOPPING BOARD,1138
BLACK/BLUE POLKADOT UMBRELLA,1133
MAGNETS PACK OF 4 CHILDHOOD MEMORY,1130
FIRST AID TIN,1129
MAN FLU METAL SIGN,1129
VICTORIAN SEWING BOX SMALL ,1128
WRAP KEEP CALM BIRTHDAY,1125
SMALL FOLKART STAR CHRISTMAS DEC,1124
LARGE PURPLE BABUSHKA NOTEBOOK  ,1122
SPACEBOY CHILDRENS EGG CUP,1118
MOODY BOY  DOOR HANGER ,1109
DOORMAT 3 SMILEY CATS,1107
RETRO PLASTIC ELEPHANT TRAY,1105
ROSE 3 WICK MORRIS BOX CANDLE,1105
ASSORTED TUTTI FRUTTI KEYRING BALL,1102
RIBBON REEL MAKING SNOWMEN ,1102
HOLIDAY FUN LUDO,1102
APPLE BATH SPONGE,1102
STRAWBRY SCENTED VOTIVE CANDLE,1101
SET3 BOOK BOX GREEN GINGHAM FLOWER ,1099
SWEETHEART RECIPE BOOK STAND,1099
ELEPHANT BIRTHDAY CARD ,1092
WOOD STOCKING CHRISTMAS SCANDISPOT,1090
MINI JIGSAW BUNNIES,1089
HANGING CHICK  YELLOW DECORATION,1088
CITRONELLA CANDLE GARDEN POT,1085
DRAWER KNOB CRACKLE GLAZE BLUE,1085
DOILEY STORAGE TIN,1082
PINK FLORAL FELTCRAFT SHOULDER BAG,1081
EASTER TIN KEEPSAKE,1081
VINTAGE RED TRIM ENAMEL BOWL ,1079
DAISY GARDEN MARKER,1078
S/6 WOODEN SKITTLES IN COTTON BAG,1075
3D CHRISTMAS STAMPS STICKERS ,1075
FAMILY ALBUM WHITE PICTURE FRAME,1075
WRAP MAGIC FOREST ,1075
3 ROSE MORRIS BOXED CANDLES,1072
BUTTON BOX ,1072
RETROSPOT SMALL TUBE MATCHES,1066
PLAYING CARDS I LOVE LONDON ,1065
LARGE ZINC HEART WALL ORGANISER,1064
SET OF 4 ENGLISH ROSE COASTERS,1063
MAGIC DRAWING SLATE LEAP FROG ,1063
SET OF 6 HERB TINS SKETCHBOOK,1059
DELUXE SEWING KIT ,1058
OFFICE MUG WARMER BLACK+SILVER ,1054
SKULLS  STICKERS,1054
PARTY PIZZA DISH PINK POLKADOT,1049
PARTY INVITES WOODLAND,1049
SET OF 2 CHRISTMAS DECOUPAGE CANDLE,1048
CIRCUS PARADE CHILDRENS EGG CUP ,1047
SET/4 SPRING FLOWER DECORATION,1045
PANTRY PASTRY BRUSH,1045
MINI PLAYING CARDS FUN FAIR ,1043
BAKING MOULD HEART MILK CHOCOLATE,1041
FRENCH BLUE METAL DOOR SIGN 1,1040
BISCUITS SMALL BOWL LIGHT BLUE,1039
BOTTLE BAG RETROSPOT ,1038
STRAWBERRY CERAMIC TRINKET POT,1038
WALL ART ONLY ONE PERSON ,1037
SPACEBOY MINI BACKPACK,1037
6 RIBBONS EMPIRE  ,1035
RED FLOCK LOVE HEART PHOTO FRAME,1034
VINTAGE BILLBOARD MUG ,1033
ORANGE VOTIVE CANDLE,1032
SET 8 CANDLES VINTAGE DOILY,1029
PACK OF 6 SWEETIE GIFT BOXES,1029
STRAWBERRY BATH SPONGE ,1029
HEARTS GIFT TAPE,1027
RED BABY BUNTING ,1027
WRAP CHRISTMAS SCREEN PRINT,1025
FAIRY DREAMS INCENSE ,1025
PICTURE FRAME WOOD TRIPLE PORTRAIT,1023
SMALL IVORY HEART WALL ORGANISER,1022
IVORY HANGING DECORATION  BIRD,1018
6 CHOCOLATE LOVE HEART T-LIGHTS,1018
CAKES AND BOWS GIFT  TAPE,1017
GLASS APOTHECARY BOTTLE PERFUME,1017
HEART CALCULATOR,1017
BLUE POLKADOT EGG CUP ,1016
PINK  HEART SHAPE LOVE BUCKET ,1016
GREEN POLKADOT PLATE ,1014
GLITTER BUTTERFLY CLIPS,1012
MULTICOLOUR HONEYCOMB PAPER GARLAND,1010
BLUE PUDDING SPOON,1010
LARGE RED BABUSHKA NOTEBOOK ,1009
DIAMANTE RING ASSORTED IN BOX.,1008
POLYESTER FILLER PAD 45x45cm,1008
PETIT TRAY CHIC,1007
36 FOIL STAR CAKE CASES ,1005
RED METAL BOX TOP SECRET,1003
6 RIBBONS SHIMMERING PINKS ,1001
CHRISTMAS TREE HEART DECORATION,1000
BLUE SCANDINAVIAN PAISLEY WRAP,1000
COLOURED GLASS STAR T-LIGHT HOLDER,997
GROW YOUR OWN BASIL IN ENAMEL MUG,994
NOEL GARLAND PAINTED ZINC ,993
FLOWERS TILE COASTER,990
FELTCRAFT GIRL AMELIE KIT,987
HOT WATER BOTTLE BABUSHKA ,984
SKULL AND CROSSBONES  GARLAND ,982
SKULLS PARTY BAG + STICKER SET,982
FOOD COVER WITH BEADS SET 2 ,980
CHARLIE & LOLA WASTEPAPER BIN FLORA,977
BLUE CHARLIE+LOLA PERSONAL DOORSIGN,976
FRENCH LAVENDER SCENT HEART,975
RED RETROSPOT ROUND CAKE TINS,975
ASSORTED COLOUR LIZARD SUCTION HOOK,975
CUTE CATS TAPE,975
SET/10 IVORY POLKADOT PARTY CANDLES,975
BIRTHDAY BANQUET GIFT WRAP,975
FUNKY WASHING UP GLOVES ASSORTED,973
PARTY PIZZA DISH BLUE POLKADOT,972
TOOTHPASTE TUBE PEN,971
HOME SWEET HOME BLACKBOARD,969
OCEAN SCENT CANDLE IN JEWELLED BOX,968
WHITE HEART CONFETTI IN TUBE,964
CHILDRENS CUTLERY CIRCUS PARADE,963
WALL ART BIG LOVE ,963
WALL ART KEEP CALM ,959
DANISH ROSE DECORATIVE PLATE,951
POTTING SHED TWINE,949
ASSORTED MINI MADRAS NOTEBOOK,948
ENGLISH ROSE SPIRIT LEVEL ,948
DRAWER KNOB CERAMIC BLACK,947
ENVELOPE 50 BLOSSOM IMAGES,947
DANISH ROSE DELUXE COASTER,947
RIDGED GLASS FINGER BOWL,946
HEART SHAPED HOLLY WREATH,942
RED RETROSPOT BUTTER DISH,939
RED LOVE HEART SHAPE CUP,935
TRADTIONAL ALPHABET STAMP SET,933
REINDEER HEART DECORATION GOLD,930
GAOLERS KEYS DECORATIVE GARDEN ,929
CLASSIC METAL BIRDCAGE PLANT HOLDER,928
HEART T-LIGHT HOLDER WILLIE WINKIE,928
JIGSAW TREE WITH WATERING CAN,926
WHITE BELL HONEYCOMB PAPER ,925
LARGE HANGING IVORY & RED WOOD BIRD,925
FELT EGG COSY CHICKEN,924
CHILDS GARDEN FORK BLUE ,923
JUMBO BAG CHARLIE AND LOLA TOYS,922
BOX OF VINTAGE JIGSAW BLOCKS ,920
SMALL POLKADOT CHOCOLATE GIFT BAG ,920
DECORATIVE ROSE BATHROOM BOTTLE,920
FRENCH LAUNDRY SIGN BLUE METAL,919
SET OF 12 T-LIGHTS VINTAGE DOILY,918
GOLD MINI TAPE MEASURE ,918
SMALL YELLOW BABUSHKA NOTEBOOK ,918
MADRAS NOTEBOOK MEDIUM,917
SMALL PINK GLASS SUNDAE DISH,917
BAKING MOULD CHOCOLATE CUPCAKES,917
CREAM FELT EASTER EGG BASKET,916
SMALL PARISIENNE HEART PHOTO FRAME ,916
WOOD STAMP SET BEST WISHES,914
FAIRY TALE COTTAGE NIGHT LIGHT,913
SET OF 3 CAKE TINS SKETCHBOOK,910
GLITTER CHRISTMAS TREE,908
SET OF 6 T-LIGHTS SNOWMEN,908
BLUE DINER WALL CLOCK,907
36 DOILIES DOLLY GIRL,905
DOLLY GIRL CHILDRENS EGG CUP,905
VINTAGE EMBOSSED HEART,904
WHITE BAMBOO RIBS LAMPSHADE,902
HEN HOUSE DECORATION,901
HANGING SPRING FLOWER EGG LARGE,901
SET 36 COLOUR PENCILS LOVE LONDON,901
BALLOON ART MAKE YOUR OWN FLOWERS,900
COCKTAIL SWORDS 50 PIECES,900
4 VANILLA BOTANICAL CANDLES,900
SWEETHEART CAKESTAND 3 TIER,892
ROUND CAKE TIN VINTAGE RED,891
EMERGENCY FIRST AID TIN ,890
ANTIQUE GLASS PEDESTAL BOWL,890
GLASS JAR ENGLISH CONFECTIONERY,886
PARTY PIZZA DISH GREEN POLKADOT,885
3 WHITE CHOC MORRIS BOXED CANDLES,884
DOORMAT TOPIARY,880
POPPY'S PLAYHOUSE BATHROOM,879
METAL SIGN NEIGHBOURHOOD WITCH ,877
BAKING MOULD EASTER EGG MILK CHOC,876
SINGLE WIRE HOOK IVORY HEART,875
FRENCH BLUE METAL DOOR SIGN 2,874
SMALL RED RETROSPOT MUG IN BOX ,874
LARGE POPCORN HOLDER ,873
PASTEL COLOUR HONEYCOMB FAN,873
JIGSAW TREE WITH BIRDHOUSE,869
IVORY PAPER CUP CAKE CASES ,868
MAKE YOUR OWN FLOWERPOWER CARD KIT,867
BAKING MOULD TOFFEE CUP CHOCOLATE,866
FLOWERS CHANDELIER T-LIGHT HOLDER,866
GLASS APOTHECARY BOTTLE TONIC,866
SMALL STRIPES CHOCOLATE GIFT BAG ,865
PINK  HEART CONFETTI IN TUBE,864
FRENCH BLUE METAL DOOR SIGN No,859
ROUND STORAGE TIN VINTAGE LEAF,853
BUNNY WOODEN PAINTED WITH BIRD ,852
VINTAGE BILLBOARD DRINK ME MUG,849
LARGE PINK GLASS SUNDAE DISH,848
BREAD BIN DINER STYLE IVORY,847
FELTCRAFT HAIRBAND RED AND BLUE,845
CHILDS GARDEN FORK PINK,844
EGG CUP NATURAL CHICKEN,841
PINK OWL SOFT TOY,841
CREAM SLICE FLANNEL PINK SPOT ,840
MINI HIGHLIGHTER PENS,840
OPIUM SCENTED VOTIVE CANDLE,840
4 LAVENDER BOTANICAL DINNER CANDLES,840
SWEETHEART BIRD HOUSE,839
T-LIGHT HOLDER SWEETHEART HANGING,838
MISTLETOE HEART WREATH GREEN,838
WHITE STITCHED WALL CLOCK,837
MIRROR MOSAIC VOTIVE HOLDER,837
FAMILY PHOTO FRAME CORNICE,837
GREEN 3 PIECE POLKADOT CUTLERY SET,837
RED PUDDING SPOON,837
ADVENT CALENDAR GINGHAM SACK,836
DECORATIVE CATS BATHROOM BOTTLE,835
GIFT BAG PSYCHEDELIC APPLES,834
FELTCRAFT HAIRBAND PINK AND PURPLE,834
MAKE YOUR OWN MONSOON CARD KIT,833
HOME GARLAND PAINTED ZINC ,833
JUNGLE POPSICLES ICE LOLLY MOULDS,833
ROUND SNACK BOXES SET OF 4 SKULLS,832
MAGIC TREE -PAPER FLOWERS,832
AIRLINE BAG VINTAGE TOKYO 78,830
LARGE CAKE TOWEL CHOCOLATE SPOTS,830
ZINC  HEART T-LIGHT HOLDER,830
"METAL SIGN,CUPCAKE SINGLE HOOK",829
EASTER DECORATION EGG BUNNY ,828
I LOVE LONDON BEAKER,827
ICON PLACEMAT POP ART ELVIS,827
SET/3 CHRISTMAS DECOUPAGE CANDLES,827
VINTAGE CREAM DOG FOOD CONTAINER,826
WOOD STAMP SET HAPPY BIRTHDAY,825
CAKE PLATE LOVEBIRD WHITE,824
INFLATABLE POLITICAL GLOBE ,823
PINK HANGING HEART T-LIGHT HOLDER,823
SET OF 4 KNICK KNACK TINS POPPIES,823
MINI  ZINC GARDEN DECORATIONS ,821
WALL ART CLASSIC PUDDINGS ,821
HANGING CHICK GREEN DECORATION,821
FELTCRAFT HAIRBANDS PINK AND WHITE ,818
CHRISTMAS CARD STACK OF PRESENTS,816
BEADED CRYSTAL HEART GREEN LARGE,816
SET OF 72 SKULL PAPER  DOILIES,816
MAGIC DRAWING SLATE GO TO THE FAIR ,816
CHRISTMAS MUSICAL ZINC TREE,815
VINTAGE BEAD PINK PURSE ,814
RED RETROSPOT TEA CUP AND SAUCER ,813
SET OF 4 ROSE BOTANICAL CANDLES,811
BLUE VICTORIAN FABRIC OVAL BOX,811
EMPIRE UNION JACK TV DINNER TRAY,811
DANISH ROSE ROUND SEWING BOX,811
RETRO PLASTIC POLKA TRAY,809
S/4 PINK FLOWER CANDLES IN BOWL,807
CERAMIC STRAWBERRY MONEY BOX,804
WOODLAND  STICKERS,804
RED STAR CARD HOLDER,801
SET OF 36 DOILIES SPACEBOY DESIGN ,800
GLASS APOTHECARY BOTTLE ELIXIR,800
CERAMIC PIRATE CHEST MONEY BANK,800
KIDS RAIN MAC PINK,799
CINAMMON SET OF 9 T-LIGHTS,798
FELTCRAFT HAIRBAND PINK AND BLUE,796
HANGING HEN ON NEST DECORATION,795
BAKING MOULD HEART WHITE CHOCOLATE,794
MINT KITCHEN SCALES,792
BATH BUILDING BLOCK WORD,792
VINTAGE RED ENAMEL TRIM PLATE,790
"SWISS ROLL TOWEL, CHOCOLATE  SPOTS",789
WOODLAND MINI BACKPACK,788
EGG CUP MILKMAID HEIDI,786
CHOCOLATE CALCULATOR,785
VINTAGE BELLS GARLAND,784
WOOD STAMP SET FLOWERS,783
TRIPLE HOOK ANTIQUE IVORY ROSE,781
BALLOON PUMP WITH 10 BALLOONS,779
BULL DOG BOTTLE OPENER,778
TOAST ITS - I LOVE YOU ,777
CHRISTMAS TREE HANGING GOLD,776
LARGE CAKE TOWEL PINK SPOTS,775
PICNIC BOXES SET OF 3 RETROSPOT ,775
SET OF 6 T-LIGHTS CACTI ,775
ENCHANTED BIRD COATHANGER 5 HOOK,775
BASKET OF FLOWERS SEWING KIT,775
ALUMINIUM STAMPED HEART,775
GLASS  BEURRE DISH,773
PACK OF 12 STICKY BUNNIES,772
FRENCH GARDEN SIGN BLUE METAL,772
RED VICTORIAN FABRIC OVAL BOX,772
HOME SWEET HOME CUSHION COVER ,769
EDWARDIAN PARASOL PINK,769
HEARTS  STICKERS,766
T-LIGHT HOLDER HANGING LACE,765
JINGLE BELL HEART ANTIQUE GOLD,765
STORAGE TIN VINTAGE LEAF,765
PARISIENNE JEWELLERY DRAWER ,765
ANTIQUE TALL SWIRLGLASS TRINKET POT,765
SMALL MEDINA STAMPED METAL BOWL ,764
SET OF 4 NAPKIN CHARMS HEARTS,763
GROW YOUR OWN PLANT IN A CAN ,763
RATTLE SNAKE EGGS,762
SET 12 LAVENDER  BOTANICAL T-LIGHTS,761
TRIPLE PHOTO FRAME CORNICE ,761
GIFT BAG BIRTHDAY,761
200 RED + WHITE BENDY STRAWS,761
ZINC HEART FLOWER T-LIGHT HOLDER,760
BIRD DECORATION RED RETROSPOT,760
BALLOONS  WRITING SET ,760
UNION STRIPE WITH FRINGE  HAMMOCK,759
LARGE IVORY HEART WALL ORGANISER,759
CERAMIC CAKE DESIGN SPOTTED PLATE,757
DAIRY MAID TOASTRACK,756
4 PEAR BOTANICAL DINNER CANDLES,755
SET OF 2 CERAMIC CHRISTMAS TREES,755
DECORATION WOBBLY RABBIT METAL ,753
TOAST ITS - BEST MUM,753
GLASS CLOCHE SMALL,753
BLOSSOM IMAGES GIFT WRAP SET,751
STRAWBERRY FAIRY CAKE TEAPOT,751
FRENCH BLUE METAL DOOR SIGN 3,751
CREAM SWEETHEART EGG HOLDER,750
12 IVORY ROSE PEG PLACE SETTINGS,749
CHRISTMAS TREE HANGING SILVER ,747
FRENCH BLUE METAL DOOR SIGN 5,745
TOADSTOOL MONEY BOX,745
COFFEE MUG BLUE PAISLEY DESIGN,744
ROSE 1 WICK MORRIS BOXED CANDLE,742
VINTAGE UNION JACK PENNANT,742
SET OF 4 KNICK KNACK TINS LEAF,740
RETRO MOD TRAY,739
ROMANTIC IMAGES GIFT WRAP SET,738
MINI JIGSAW DINOSAUR ,738
FOLDING BUTTERFLY MIRROR IVORY ,735
SET/4 SKULL BADGES,734
GARAGE KEY FOB,733
HI TEC ALPINE HAND WARMER,732
KINGS CHOICE GIANT TUBE MATCHES,731
CHILDS BREAKFAST SET SPACEBOY ,731
DOORMAT RESPECTABLE HOUSE,730
PORCELAIN T-LIGHT HOLDERS ASSORTED,730
SKULLS SQUARE TISSUE BOX,729
GOLD MUG BONE CHINA TREE OF LIFE,729
ROSE COTTAGE KEEPSAKE BOX ,729
DOILY THANK YOU CARD,727
VINTAGE DOILY DELUXE SEWING KIT ,726
RED GINGHAM TEDDY BEAR ,726
TOYBOX  WRAP ,726
BOTANICAL ROSE GIFT WRAP,725
HANGING FAIRY CAKE DECORATION,724
WHITE WOOD GARDEN PLANT LADDER,724
FELT FARM ANIMAL RABBIT,722
GINGHAM HEART  DOORSTOP RED,722
DOORMAT AIRMAIL ,722
CERAMIC LOVE HEART MONEY BANK,721
CHERUB HEART DECORATION GOLD,719
DOLLY GIRL MINI BACKPACK,717
3 DRAWER ANTIQUE WHITE WOOD CABINET,715
ENAMEL BREAD BIN CREAM,713
IVORY HANGING DECORATION  EGG,713
SMALL WHITE RETROSPOT MUG IN BOX ,711
WOODEN CROQUET GARDEN SET,709
LA PALMIERA TILE COASTER,705
CHILDS GARDEN TROWEL BLUE ,705
VINTAGE CREAM CAT FOOD CONTAINER,704
PINK LOVE HEART SHAPE CUP,702
CITRONELLA CANDLE FLOWERPOT,701
ICON MUG REVOLUTIONARY,701
RETROSPOT PADDED SEAT CUSHION,700
WRAP BAD HAIR DAY,700
DOORMAT PEACE ON EARTH BLUE,700
BLACK STITCHED WALL CLOCK,697
PARTY CONES CANDY TREE DECORATION,696
BELLE JARDINIERE CUSHION COVER,696
WICKER WREATH SMALL,695
BLACK CANDELABRA T-LIGHT HOLDER,694
WICKER WREATH LARGE,694
BLACK TEA TOWEL CLASSIC DESIGN,694
SOAP DISH BROCANTE,693
HANGING PHOTO CLIP ROPE LADDER,692
SET/6 PURPLE BUTTERFLY T-LIGHTS,689
WALL ART STOP FOR TEA ,689
WHITE LOVEBIRD LANTERN,688
VINTAGE RED MUG,688
MORE BUTTER METAL SIGN ,685
DRAWER KNOB CERAMIC RED,685
DINOSAUR PARTY BAG + STICKER SET,684
COFFEE MUG PINK PAISLEY DESIGN,684
WHITE BROCANTE SOAP DISH,684
CHILDRENS TOY COOKING UTENSIL SET,680
GLASS CHALICE BLUE SMALL ,680
3 RAFFIA RIBBONS VINTAGE CHRISTMAS,679
PLAYING CARDS VINTAGE DOILY ,677
SET OF 6 T-LIGHTS TOADSTOOLS,676
YELLOW METAL CHICKEN HEART ,676
WHITE TALL PORCELAIN T-LIGHT HOLDER,673
RIBBON REEL SOCKS AND MITTENS,673
BAKING MOULD ROSE MILK CHOCOLATE,673
WOODLAND  HEIGHT CHART STICKERS ,672
PINK METAL CHICKEN HEART ,671
SET/3 VANILLA SCENTED CANDLE IN BOX,669
CERAMIC CAKE BOWL + HANGING CAKES,668
BLUE PAISLEY TISSUE BOX,668
SWISS ROLL TOWEL PINK  SPOTS,666
WOODLAND SMALL RED FELT HEART,666
PARISIENNE KEY CABINET ,664
MEDIUM CHINESE STYLE SCISSOR,662
WRAP DAISY CARPET ,660
ENAMEL WASH BOWL CREAM,660
PINK/WHITE CHRISTMAS TREE 60CM,660
CHARLIE & LOLA WASTEPAPER BIN BLUE,657
CHILDS BREAKFAST SET DOLLY GIRL ,657
ASSORTED TUTTI FRUTTI SMALL PURSE,654
CHARLIE + LOLA RED HOT WATER BOTTLE,654
3 TIER CAKE TIN RED AND CREAM,652
BIRDCAGE DECORATION TEALIGHT HOLDER,650
WALL ART BICYCLE SAFETY,649
SMALL GLASS SUNDAE DISH CLEAR,648
FRENCH BLUE METAL DOOR SIGN 4,647
ZINC HEART LATTICE T-LIGHT HOLDER,647
FELTCRAFT GIRL NICOLE KIT,646
DECORATION WHITE CHICK MAGIC GARDEN,645
ASSORTED CIRCULAR MOBILE,645
MIRRORED DISCO BALL ,644
BLUE FLOCK GLASS CANDLEHOLDER,644
TOY TIDY DOLLY GIRL DESIGN,642
PINK STITCHED WALL CLOCK,639
200 BENDY SKULL STRAWS,638
ANGEL DECORATION PAINTED ZINC ,635
5 HOOK HANGER MAGIC TOADSTOOL,631
MINI LADLE LOVE HEART RED ,631
YULETIDE IMAGES GIFT WRAP SET,630
RED PAPER PARASOL,630
MAKE YOUR OWN PLAYTIME CARD KIT,628
FRENCH BLUE METAL DOOR SIGN 6,627
SEWING SUSAN 21 NEEDLE SET,626
HEART STRING MEMO HOLDER HANGING,626
BREAD BIN DINER STYLE RED ,626
SET OF 6 HALLOWEEN GHOST T-LIGHTS,626
FOLKART CLIP ON STARS,624
JIGSAW TOADSTOOLS 3 PIECE,623
METAL MERRY CHRISTMAS WREATH,622
BLUE/CREAM STRIPE CUSHION COVER ,622
"WHITE TEA,COFFEE,SUGAR JARS",622
BIRD HOUSE HOT WATER BOTTLE,618
SMALL PINK MAGIC CHRISTMAS TREE,618
FRENCH BLUE METAL DOOR SIGN 7,618
GLITTER CHRISTMAS TREE WITH BELLS,615
DOORMAT MERRY CHRISTMAS RED ,614
SET OF 6 STRAWBERRY CHOPSTICKS,613
RED TEA TOWEL CLASSIC DESIGN,613
SET OF 4 ENGLISH ROSE PLACEMATS,612
CRYSTAL STUD EARRINGS ASSORTED COL ,612
UNION JACK FLAG PASSPORT COVER ,610
"CHARLIE+LOLA""EXTREMELY BUSY"" SIGN",607
CHILDS GARDEN TROWEL PINK,607
COTTON APRON PANTRY DESIGN,607
CARD HOLDER GINGHAM HEART,605
FRENCH FLORAL CUSHION COVER ,605
ENAMEL PINK COFFEE CONTAINER,603
LAVENDER SCENT CAKE CANDLE,600
SKULLS TAPE,600
BEADED CHANDELIER T-LIGHT HOLDER,599
SET 6 FOOTBALL CELEBRATION CANDLES,598
CURIOUS IMAGES GIFT WRAP SET,597
WAKE UP COCKEREL TILE COASTER,597
LETTER HOLDER HOME SWEET HOME,596
LED TEA LIGHTS,596
SET OF 6 HEART CHOPSTICKS,596
RIBBON REEL FLORA + FAUNA ,595
FELT TOADSTOOL LARGE,594
CHILDRENS GARDEN GLOVES BLUE,592
SPACEBOY ROCKET LOLLY MAKERS,592
TEA TIME KITCHEN APRON,592
HANGING HEART BONHEUR,591
SMOKEY GREY COLOUR D.O.F. GLASS,591
DINOSAURS  WRITING SET ,589
SANDWICH BATH SPONGE,589
EGG CUP MILKMAID INGRID,587
WOODLAND DESIGN  COTTON TOTE BAG,586
BLACK ENCHANTED FOREST PLACEMAT,585
VINTAGE RED ENAMEL TRIM JUG ,582
CHRISTMAS LIGHTS 10 SANTAS ,581
EGG CUP HENRIETTA HEN CREAM ,580
"SWISS ROLL TOWEL, PINK  SPOTS",579
CERAMIC PLATE STRAWBERRY DESIGN,578
SNOWSTORM PHOTO FRAME FRIDGE MAGNET,577
MISTLETOE HEART WREATH CREAM,576
RED RETROSPOT OVEN GLOVE DOUBLE,576
FRENCH BLUE METAL DOOR SIGN 8,575
ZINC FINISH 15CM PLANTER POTS,573
ORANGE SCENTED SET/9 T-LIGHTS,573
PARTY INVITES DINOSAURS,573
BISCUIT TIN VINTAGE RED,572
RECYCLED ACAPULCO MAT TURQUOISE,571
VINTAGE CARAVAN GIFT WRAP,571
HANGING WOOD AND FELT BUTTERFLY ,570
IVORY GIANT GARDEN THERMOMETER,569
DOORMAT CHRISTMAS VILLAGE,568
ANTIQUE ALL GLASS CANDLESTICK,567
EASTER TIN CHICKS PINK DAISY,567
LOCAL CAFE MUG,566
WOODLAND BUNNIES LOLLY MAKERS,566
LARGE CAKE STAND  HANGING STRAWBERY,565
CHILDS BREAKFAST SET CIRCUS PARADE,565
SET OF 6 KASHMIR FOLKART BAUBLES,564
SET OF 10 LANTERNS FAIRY LIGHT STAR,564
ASSORTED EASTER DECORATIONS  BELLS,564
REGENCY CAKE SLICE,564
CERAMIC CAKE STAND + HANGING CAKES,562
IVORY CHANDELIER T-LIGHT HOLDER,561
BAKING MOULD EASTER EGG WHITE CHOC,560
CERAMIC BOWL WITH LOVE HEART DESIGN,559
LANDMARK FRAME CAMDEN TOWN ,558
CHOCOLATE 3 WICK MORRIS BOX CANDLE,558
EMBROIDERED RIBBON REEL DAISY ,558
SMALLFOLKART BAUBLE CHRISTMAS DEC,558
EMBROIDERED RIBBON REEL SUSIE ,556
ASSORTED MONKEY SUCTION CUP HOOK,555
BLACK CHRISTMAS TREE 60CM,554
LARGE YELLOW BABUSHKA NOTEBOOK ,554
PHOTO FRAME 3 CLASSIC HANGING,554
OFFICE MUG WARMER PINK,553
BEADED CRYSTAL HEART PINK LARGE,552
CHRISTMAS GINGHAM HEART,552
PINK/BLUE DISC/MIRROR STRING,551
FRENCH ENAMEL POT W LID,551
SAVE THE PLANET COTTON TOTE BAG,549
ZINC HERB GARDEN CONTAINER,546
IVORY SWEETHEART WIRE LETTER RACK ,545
CERAMIC BOWL WITH STRAWBERRY DESIGN,544
ENAMEL WATERING CAN CREAM,544
FRENCH BLUE METAL DOOR SIGN 0,543
FELT TOADSTOOL  SMALL,542
TRAVEL CARD WALLET VINTAGE ROSE ,541
JIGSAW RABBIT AND BIRDHOUSE,541
ASSORTED TUTTI FRUTTI  FOB NOTEBOOK,541
DOORMAT VINTAGE LEAF,541
BRIGHT BLUES RIBBONS ,539
GLASS JAR DAISY FRESH COTTON WOOL,539
T-LIGHT HOLDER HANGING LOVE BIRD,539
SKULLS WRITING SET ,538
UNION JACK FLAG LUGGAGE TAG,537
WOODEN ADVENT CALENDAR RED,536
LAVENDER TOILETTE BOTTLE,534
GUMBALL MAGAZINE RACK,533
ORIGAMI ROSE INCENSE IN TUBE,532
IVORY KNITTED MUG COSY ,531
ROSE SCENT CANDLE JEWELLED DRAWER,530
CUT GLASS HEXAGON T-LIGHT HOLDER,530
PACK OF 6 HANDBAG GIFT BOXES,529
HOT STUFF HOT WATER BOTTLE,528
LE JARDIN BOTANIQUE CUSHION COVER,527
EMBROIDERED RIBBON REEL EMILY ,526
BUTTERFLIES STICKERS,525
EASTER BUNNY GARLAND OF FLOWERS,525
ROSE CARAVAN DOORSTOP,523
SET OF 6 VINTAGE NOTELETS KIT,522
DECORATION WOBBLY CHICKEN,521
BIRDHOUSE DECORATION MAGIC GARDEN,520
FELT EGG COSY WHITE RABBIT ,520
GLASS JAR DIGESTIVE BISCUITS,519
STOP FOR TEA WALL ART,518
LAUREL HEART ANTIQUE GOLD,518
SET/6 BEAD COASTERS GAUZE BAG GOLD,518
OFFICE MUG WARMER CHOC+BLUE,517
ROUND CAKE TIN VINTAGE GREEN,516
EASTER DECORATION NATURAL CHICK,514
VINTAGE BEAD PINK EVENING BAG,513
CHARLIE AND LOLA TABLE TINS,513
CAST IRON HOOK GARDEN FORK,513
AFGHAN SLIPPER SOCK PAIR,511
ASS DES PHONE SPONGE CRAFT STICKER,511
RED RETROSPOT SHOPPING BAG,510
HEART MINI PORTRAIT FRAME,510
LARGE ANTIQUE WHITE PHOTO FRAME,509
PAPER CHAIN KIT SKULLS ,507
MIRRORED WALL ART SNOWFLAKES,507
CARDHOLDER HOLLY WREATH METAL,506
MIRROR MOSAIC GOBLET CANDLE HOLDER,506
METAL SIGN HIS DINNER IS SERVED,505
WELCOME  WOODEN BLOCK LETTERS,505
DRAWER KNOB VINTAGE GLASS STAR,504
TEATIME GEL PENS ASST,504
BLACK KITCHEN SCALES,504
SALLE DE BAIN HOOK,503
18PC WOODEN CUTLERY SET DISPOSABLE,503
EASTER DECORATION SITTING BUNNY,503
OFFICE MUG WARMER POLKADOT,503
CANDY SPOT EGG WARMER RABBIT,502
IVORY LOVE BIRD CANDLE,502
S/15 SILVER GLASS BAUBLES IN BAG,502
RECTANGULAR SHAPED MIRROR,502
PARTY INVITES SPACEMAN,501
CLASSIC FRENCH STYLE BASKET NATURAL,501
GLASS STAR FROSTED T-LIGHT HOLDER,498
BLOSSOM  IMAGES NOTEBOOK SET,498
S/4 CACTI CANDLES,497
"AIRLINE LOUNGE,METAL SIGN",497
BUNNY WOODEN PAINTED WITH FLOWER ,495
STRAWBERRY RAFFIA FOOD COVER,495
3 GARDENIA MORRIS BOXED CANDLES,492
S/4 IVORY MINI ROSE CANDLE IN BOWL,491
SET OF 4 FAIRY CAKE PLACEMATS ,491
ASSORTED TUTTI FRUTTI MIRROR,490
BLUE OWL SOFT TOY,489
CUBIC MUG PINK POLKADOT,489
OWL DOORSTOP,489
VICTORIAN SEWING BOX MEDIUM,489
SET OF 6 GIRLS CELEBRATION CANDLES,488
METAL TUBE CHIME ON BAMBOO,488
BOOM BOX SPEAKER GIRLS,487
PAPERWEIGHT VINTAGE COLLAGE,487
SET/4 DAISY MIRROR MAGNETS,487
CHRISTMAS HANGING SNOWFLAKE,486
EMBROIDERED RIBBON REEL ROSIE,485
BUNNY DECORATION MAGIC GARDEN,485
PARTY INVITES JAZZ HEARTS,483
PHARMACIE FIRST AID TIN,483
PACK 20 ENGLISH ROSE PAPER NAPKINS,481
POCKET BAG BLUE PAISLEY RED SPOT,480
HOT BATHS SOAP HOLDER,479
BEADED CRYSTAL HEART BLUE  LARGE,479
SET/4 BIRD MIRROR MAGNETS ,478
CALENDAR IN SEASON DESIGN,478
TOMATO CHARLIE+LOLA COASTER SET,477
POTTING SHED SEED ENVELOPES,476
SET OF 3 BLACK FLYING DUCKS,475
BOTANICAL LAVENDER GIFT WRAP ,475
ASS COL CIRCLE MOBILE ,474
GIN AND TONIC DIET METAL SIGN,474
WALL ART DOG LICENCE ,474
4 LILY  BOTANICAL DINNER CANDLES,473
PARISIENNE CURIO CABINET,472
PENCIL CASE LIFE IS BEAUTIFUL,472
BOHEMIAN COLLAGE STATIONERY SET,471
METAL SIGN CUPCAKE SINGLE HOOK,470
MIXED NUTS LIGHT GREEN BOWL,469
BEADED PEARL HEART WHITE ON STICK,469
RED RETROSPOT TRADITIONAL TEAPOT ,468
BABUSHKA LIGHTS STRING OF 10,467
TEATIME PUSH DOWN RUBBER,467
MINI JIGSAW LEAP FROG,466
FRENCH BLUE METAL DOOR SIGN 9,464
GUMBALL MONOCHROME COAT RACK,463
SET OF 2 WOODEN MARKET CRATES,462
SET 3 WICKER OVAL BASKETS W LIDS,462
BLUE CALCULATOR RULER,462
ORANGE TV TRAY TABLE ,461
RECYCLED ACAPULCO MAT GREEN,459
SET/12 TAPER CANDLES,459
BICYCLE SAFTEY WALL ART,458
EMBROIDERED RIBBON REEL SALLY ,458
CHILDRENS GARDEN GLOVES PINK,458
BOOZE & WOMEN GREETING CARD ,457
CHRISTMAS TREE DECORATION WITH BELL,457
RED ENCHANTED FOREST PLACEMAT,457
KINGS CHOICE TEA CADDY ,456
PINK NEW BAROQUECANDLESTICK CANDLE,455
ASSTD COL BUTTERFLY/CRYSTAL W/CHIME,455
ORIGAMI JASMINE INCENSE/CANDLE SET,455
CHARLIE + LOLA BISCUITS TINS,455
GLASS JAR MARMALADE ,454
4 IVORY DINNER CANDLES SILVER FLOCK,453
HANGING METAL RABBIT DECORATION,453
BOX OF 9 PEBBLE CANDLES,453
FRENCH PAISLEY CUSHION COVER ,452
CANDY SPOT EGG WARMER HARE,451
"BLACK TEA,COFFEE,SUGAR JARS",451
 SPACEBOY BABY GIFT SET,450
CHARLIE+LOLA PINK HOT WATER BOTTLE,449
DOLLY HONEYCOMB GARLAND,449
DECORATION  BUTTERFLY  MAGIC GARDEN,449
AIRLINE BAG VINTAGE JET SET RED,448
URBAN BLACK RIBBONS ,448
BLUE TEA TOWEL CLASSIC DESIGN,448
PARLOUR CERAMIC WALL HOOK,448
SHELF WITH 4 HOOKS HOME SWEET HOME,448
HEART SHAPE WIRELESS DOORBELL,446
SWIRLY CIRCULAR RUBBERS IN BAG,445
SET/4 RED MINI ROSE CANDLE IN BOWL,445
POTTING SHED ROSE CANDLE,445
RUSTIC MIRROR WITH LACE HEART,443
APRON MODERN VINTAGE COTTON,443
LARGE STRIPES CHOCOLATE GIFT BAG,443
PING MICROWAVE APRON,443
BLUE NEW BAROQUE CANDLESTICK CANDLE,439
A PRETTY THANK YOU CARD,438
LANDMARK FRAME COVENT GARDEN ,438
PAPER CHAIN KIT LONDON,438
GREEN METAL BOX ARMY SUPPLIES,438
HOME SWEET HOME BOTTLE ,438
SMALL SKULL WINDMILL,437
BLACK PIRATE TREASURE CHEST,437
TV DINNER TRAY VINTAGE PAISLEY,437
PINK  HONEYCOMB PAPER FAN,437
PINK DOG BOWL,436
BIRTHDAY PARTY CORDON BARRIER TAPE,436
PANTRY APPLE CORER,436
HOT WATER BOTTLE SEX BOMB,435
HOME SWEET HOME KEY HOLDER,435
RECYCLED ACAPULCO MAT RED,435
BISCUIT TIN VINTAGE GREEN,434
RED HEARTS LIGHT CHAIN ,434
SET/6 FROG PRINCE T-LIGHT CANDLES,434
ENAMEL COLANDER CREAM,434
FOOT STOOL HOME SWEET HOME ,434
CAT BOWL VINTAGE CREAM,431
FAIRY CAKE BIRTHDAY CANDLE SET,428
PINK PAPER PARASOL ,428
BLUE COAT RACK PARIS FASHION,428
BLUE GLASS GEMS IN BAG,427
BLUE GIANT GARDEN THERMOMETER,427
CARROT CHARLIE+LOLA COASTER SET,426
DOORMAT VINTAGE LEAVES DESIGN ,426
VICTORIAN SEWING BOX LARGE,425
BATHROOM METAL SIGN ,424
ROSE FOLKART HEART DECORATIONS,423
ENGLISH ROSE SCENTED HANGING FLOWER,423
PSYCHEDELIC TILE COASTER,423
LANDMARK FRAME NOTTING HILL ,422
FANNY'S REST STOPMETAL SIGN,421
PAPER BUNTING VINTAGE PARTY,421
DOLLY GIRL BABY GIFT SET,421
LANDMARK FRAME OXFORD STREET,421
DAISIES  HONEYCOMB GARLAND ,419
SET OF 6 CAKE CHOPSTICKS,418
CREAM WALL PLANTER HEART SHAPED,417
PINK  HONEYCOMB PAPER BALL ,417
SMALL BONNE JAM JAR  T-LIGHT HOLDER,416
WHITE CHRISTMAS STAR DECORATION,415
PEARLISED IVORY HEART LARGE ,415
RED/CREAM STRIPE CUSHION COVER ,414
BUNNY EGG GARLAND,413
LANDMARK FRAME LONDON BRIDGE ,413
GINGHAM RECIPE BOOK BOX,413
PARTY INVITES FOOTBALL,412
RAIN PONCHO ,411
FAIRY CAKE DESIGN UMBRELLA,411
FELT EGG COSY BLUE RABBIT ,410
BLUE ROSE FABRIC MIRROR,409
ROMANTIC IMAGES NOTEBOOK SET,409
DOG LICENCE WALL ART,408
RUSTIC STRAWBERRY JAM POT SMALL,408
TUMBLER BAROQUE,408
SET 10 LIGHTS NIGHT OWL,407
SINGLE WIRE HOOK PINK HEART,407
LOVE GARLAND PAINTED ZINC ,405
EASTER TIN BUCKET,405
6PC WOOD PLATE SET DISPOSABLE,405
EGG FRYING PAN RED ,405
BLUE STONES ON WIRE FOR CANDLE,404
COLUMBIAN CANDLE ROUND,404
LAUREL STAR ANTIQUE SILVER ,404
UNION STRIPE CUSHION COVER ,403
PARTY CONES CARNIVAL ASSORTED,402
POTTING SHED CANDLE CITRONELLA,402
12 RED ROSE PEG PLACE SETTINGS,400
CHARLOTTE BAG ALPHABET  DESIGN,400
ENGLISH ROSE NOTEBOOK A6 SIZE,398
FIVE HEART HANGING DECORATION,396
FRENCH LATTICE CUSHION COVER ,396
POSTE FRANCE CUSHION COVER,395
GREEN GIANT GARDEN THERMOMETER,395
IVORY ENCHANTED FOREST PLACEMAT,394
LARGE WHITE HONEYCOMB PAPER BELL  ,394
IVORY PILLAR CANDLE SILVER FLOCK,394
VINTAGE CHRISTMAS TABLECLOTH,393
SET OF 3 COLOURED  FLYING DUCKS,393
SMALL LICORICE DES PINK BOWL,392
BIRD DECORATION GREEN POLKADOT,390
CHOC TRUFFLE GOLD TRINKET POT ,389
ENAMEL PINK TEA CONTAINER,389
SET 10 NIGHT OWL LIGHTS,389
GREEN BIRDHOUSE DECORATION,389
MEASURING TAPE BABUSHKA PINK,388
MINI JIGSAW GO TO THE FAIR,387
SEASIDE FLYING DISC,387
ORIGAMI ROSE INCENSE/CANDLE SET ,387
VILLAGE SHOW WALL ART,386
VINTAGE CREAM 3 BASKET CAKE STAND,386
UNION FLAG WINDSOCK,386
RETROSPOT CANDLE  SMALL,385
RIDGED GLASS T-LIGHT HOLDER,384
FELT FARM ANIMAL HEN,384
DECORATION  PINK CHICK MAGIC GARDEN,383
FRYING PAN RED RETROSPOT,383
FOLK ART METAL STAR T-LIGHT HOLDER,381
SILVER FABRIC MIRROR,381
BLUE BIRDHOUSE DECORATION,376
WRAP CAROUSEL,375
CAST IRON HOOK GARDEN TROWEL,375
WRAP RED DOILEY,375
BABY BOOM RIBBONS ,374
ANTIQUE SILVER BAUBLE LAMP  ,374
CARDHOLDER GINGHAM CHRISTMAS TREE,374
CHRISTMAS CARD SINGING ANGEL,372
PANDA AND BUNNIES STICKER SHEET,372
LAUREL STAR ANTIQUE GOLD,372
ALPHABET HEARTS STICKER SHEET,371
WOODEN ADVENT CALENDAR CREAM,370
CHILDS GARDEN BRUSH PINK,370
SNOWFLAKE PORTABLE TABLE LIGHT ,367
ROUND PURPLE CLOCK WITH SUCKER,367
BLUE POLKADOT WASHING UP GLOVES,367
NOVELTY BISCUITS CAKE STAND 3 TIER,366
MINT DINER WALL CLOCK,365
ORIGAMI SANDLEWOOD INCENSE/CAND SET,365
SILK PURSE BABUSHKA PINK,365
3 TIER CAKE TIN GREEN AND CREAM,364
VINTAGE UNION JACK CUSHION COVER,364
ORIGAMI LAVENDER INCENSE/CANDL SET ,363
SET OF 4 PISTACHIO LOVEBIRD COASTER,363
BOTANICAL LAVENDER BIRTHDAY CARD,363
CHARLIE+LOLA MY ROOM DOOR SIGN,362
BOTANICAL LILY GREETING CARD,361
 I LOVE LONDON MINI BACKPACK,360
LARGE WHITE/PINK ROSE ART FLOWER,360
TV DINNER TRAY AIR HOSTESS ,360
CHOCOLATE 1 WICK MORRIS BOX CANDLE,360
EGG FRYING PAN IVORY ,359
ASSORTED SHAPES PHOTO CLIP SILVER ,359
EMBROIDERED RIBBON REEL RACHEL ,358
SMALL HAMMERED SILVER CANDLEPOT ,358
SET/4 WHITE RETRO STORAGE CUBES ,357
PARTY INVITES BALLOON GIRL,356
"ART LIGHTS,FUNK MONKEY",355
SET/6 PINK BIRD T-LIGHT CANDLES,355
COSMETIC BAG VINTAGE ROSE PAISLEY,355
FELTCRAFT BOY JEAN-PAUL KIT,354
DOG BOWL VINTAGE CREAM,354
TREE T-LIGHT HOLDER WILLIE WINKIE,352
HEART MIRROR ANTIQUE WHITE,351
SET/3 OCEAN SCENT CANDLE JEWEL BOX,350
RETROSPOT CANDLE  MEDIUM,350
BLUE FELT EASTER EGG BASKET,350
GLASS JAR PEACOCK BATH SALTS,349
DRAGONS BLOOD INCENSE,349
STANDING FAIRY POLE SUPPORT ,348
EGG CUP MILKMAID HELGA ,348
PEACE WOODEN BLOCK LETTERS,348
MIRRORED WALL ART STARS,348
PAISLEY PARK CARD,348
LANDMARK FRAME BAKER STREET ,347
MONEY BOX POCKET MONEY DESIGN,347
PAPER LANTERN 9 POINT DELUXE STAR,347
TEA FOR ONE POLKADOT,345
DOORMAT WELCOME SUNRISE,344
RETRO PLASTIC 70'S TRAY,343
SET/3 ROSE CANDLE IN JEWELLED BOX,340
RED RETROSPOT PURSE ,340
CHERRY BLOSSOM  DECORATIVE FLASK,339
FLOWER VINE RAFFIA FOOD COVER,338
TEA TIME TEAPOT IN GIFT BOX,338
JASMINE VOTIVE CANDLE,338
POMPOM CURTAIN,337
BOTANICAL ROSE GREETING CARD,336
EAU DE NIL LOVE BIRD CANDLE,336
"DECOUPAGE,GREETING CARD,",336
MOUSE TOY WITH PINK T-SHIRT,335
RECYCLED ACAPULCO MAT BLUE,335
SET OF 4 BLACK LOVEBIRD COASTERS,334
LOVE HEART SOCK HANGER,334
MEASURING TAPE BABUSHKA BLUE,334
WALL ART 70'S ALPHABET ,334
NOEL WOODEN BLOCK LETTERS ,333
CHILDS GARDEN BRUSH BLUE,333
CLASSIC FRENCH STYLE BASKET GREEN ,331
VINTAGE BEAD PINK SCARF ,330
WHITE BELL HONEYCOMB PAPER GARLAND ,330
CAKE STAND WHITE TWO TIER LACE,330
TEA TIME DES TEA COSY,330
FUNKY MONKEY GIFT BAG MEDIUM,329
GLASS CLOCHE LARGE,329
PAPERWEIGHT SAVE THE PLANET,329
RED RETROSPOT LUGGAGE TAG,328
TOAST ITS - HAPPY BIRTHDAY,328
12 DAISY PEGS IN WOOD BOX,327
DAIRY MAID LARGE MILK JUG,327
T-LIGHT HOLDER WHITE LACE,327
RED COAT RACK PARIS FASHION,327
WALL ART VINTAGE HEART,327
DOORMAT I LOVE LONDON,327
RED RETROSPOT PUDDING BOWL,327
FRYING PAN PINK POLKADOT,326
MARIE ANTOINETTE TRINKET BOX SILVER,326
HOME SWEET HOME HOOK,326
SUMMER FUN DESIGN SHOWER CAP,325
CRYSTAL STUD EARRINGS CLEAR DISPLAY,324
WHITE HEARTS WIRE PLANT POT HOLDER,324
KINGS CHOICE BISCUIT TIN,324
S/12 MINI RABBIT EASTER,324
SET/4 BADGES BALLOON GIRL,323
OVAL  MINI PORTRAIT FRAME,323
FRENCH STYLE STORAGE JAR JAM,323
CARDHOLDER GINGHAM STAR,323
WALL ART BUFFALO BILL ,322
SET OF 6 T-LIGHTS EASTER CHICKS,320
CARD HOLDER LOVE BIRD SMALL,320
RECYCLED ACAPULCO MAT PINK,319
HAWAIIAN GRASS SKIRT ,319
MONEY BOX KINGS CHOICE DESIGN,319
DOLLY GIRL WALL ART,318
PAINTED PINK RABBIT ,318
DRAWER KNOB VINTAGE GLASS BALL,317
SILVER PLATE CANDLE BOWL SMALL,316
ROSE SCENT CANDLE IN JEWELLED BOX,316
MARIE ANTOINETTE TRINKET BOX GOLD,316
CAKE PLATE LOVEBIRD PINK,315
EIGHT PIECE SNAKE  SET,314
PARTY FOOD SHOPPER BAG,314
JAM CLOCK MAGNET,312
EMBROIDERED RIBBON REEL REBECCA ,312
EUCALYPTUS & PINECONE  WREATH,311
WALL ART DOLLY GIRL ,311
PHOTO FRAME LINEN AND LACE SMALL,310
MILK PAN RED RETROSPOT,310
FRAPPUCINO SCARF KNITTING KIT,308
PINK HEART SHAPE PHOTO FRAME,308
CAKE STAND 3 TIER MAGIC GARDEN,308
VINTAGE UNION JACK APRON,307
BLUE PAPER PARASOL ,307
SPACEBOY WALL ART,306
75 GREEN PETIT FOUR CASES,305
EAU DE NILE HEART SHAPE PHOTO FRAME,305
WOODEN SKITTLES GARDEN SET,305
VINTAGE SEASIDE JIGSAW PUZZLES,305
CLOCK MAGNET MUM'S KITCHEN,304
SET OF 4 KNICK KNACK TINS LEAVES ,304
BREAD BIN DINER STYLE MINT,304
TOAST ITS - FAIRY FLOWER,304
SMALL REGAL  SILVER CANDLEPOT ,303
RED RETROSPOT APRON ,303
RETROSPOT LAMP,303
WHITE WIRE EGG HOLDER,303
4 WILDFLOWER BOTANICAL CANDLES,303
GREEN METAL SWINGING BUNNY,302
BREAD BIN DINER STYLE PINK,302
LOVELY BONBON STICKER SHEET,301
SWEETHEART WIRE MAGAZINE RACK,300
SET OF 6 FUNKY BEAKERS,300
HANGING WOOD AND FELT HEART,300
RED RETROSPOT STORAGE JAR,300
PORCELAIN ROSE LARGE ,298
"DECORATION , WOBBLY RABBIT , METAL ",298
MEDIUM MEDINA STAMPED METAL BOWL ,297
EAU DE NILE JEWELLED PHOTOFRAME,297
WOODLAND SMALL BLUE FELT HEART,297
PARISIENNE SEWING BOX,296
PARTY CONES CANDY DECORATION,296
CLASSIC FRENCH STYLE BASKET BROWN,296
WHITE CANDYSTUFT ARTIFICIAL FLOWER,296
ANTIQUE GLASS HEART DECORATION ,296
PSYCHEDELIC TILE HOOK,295
BOX OF 6 ASSORTED COLOUR TEASPOONS,295
MIRRORED WALL ART SKULLS,294
3D HEARTS  HONEYCOMB PAPER GARLAND,294
PIZZA PLATE IN BOX,293
HENRIETTA HEN MUG ,293
3D DOG PICTURE PLAYING CARDS,293
TEA COSY RED  STRIPE,293
TV DINNER TRAY DOLLY GIRL,293
GROW YOUR OWN FLOWERS SET OF 3,292
BLUE PAISLEY POCKET BOOK,292
COFFEE SCENT PILLAR CANDLE,292
SET OF 36 DINOSAUR PAPER DOILIES,292
EMBROIDERED RIBBON REEL SOPHIE  ,292
EASTER TIN CHICKS IN GARDEN,292
GROOVY CACTUS INFLATABLE,291
GLITTER HEART GARLAND WITH BELLS ,291
TABLECLOTH RED APPLES DESIGN ,291
FRENCH ENAMEL WATER BASIN,290
COCKLE SHELL DISH,289
SET/5 RED SPOTTY LID GLASS BOWLS,288
DRAWER KNOB VINTAGE GLASS HEXAGON,287
MIRROR MOSAIC HURRICANE LAMP ,286
ANT WHITE WIRE HEART SPIRAL,286
CIRCUS PARADE BABY GIFT SET,285
FELT FARM ANIMAL SHEEP,283
DECORATIVE FLORE BATHROOM BOTTLE,283
SMALL SILVER FLOWER CANDLE POT,283
PINK DINER WALL CLOCK,282
SKULL DESIGN TV DINNER TRAY,281
WOODLAND SMALL PINK FELT HEART,280
ASS COLOUR GLOWING TIARAS,280
WOODLAND LARGE PINK FELT HEART,278
MIDNIGHT GLAMOUR SCARF KNITTING KIT,277
HANGING ENGRAVED METAL HEART,277
SILVER APERITIF GLASS,276
STAR PORTABLE TABLE LIGHT ,275
MIRRORED WALL ART POPPIES,275
ZINC HEARTS PLANT POT HOLDER,275
SWEETIES  STICKERS,274
SILVER RECORD COVER FRAME,272
3D SHEET OF DOG STICKERS,272
RIDGED BONNE JAM JAR T-LIGHT HOLDER,272
PURPLE PAPER PARASOL,272
PAINTED YELLOW WOODEN DAISY,271
YELLOW COAT RACK PARIS FASHION,270
HEN HOUSE W CHICK STANDING,270
ORIGAMI VANILLA INCENSE/CANDLE SET ,270
MADRAS NOTEBOOK LARGE ,270
TREASURE AHOY WALL ART,270
CAT AND BIRD WALL ART,270
PACK 6 HEART/ICE-CREAM PATCHES,269
SQUARE MINI PORTRAIT FRAME,269
KEEP CALM WALL ART ,269
WHITE GOOSE FEATHER CHRISTMAS TREE ,268
"ACRYLIC HANGING JEWEL,BLUE",268
RECYCLED ACAPULCO MAT LAVENDER,268
APRON APPLE DELIGHT,268
SET OF 3 BABUSHKA STACKING TINS,268
"DIAMANTE HEART SHAPED WALL MIRROR, ",267
ANIMALS AND NATURE WALL ART,267
RED FLOWER CROCHET FOOD COVER,267
ANTIQUE HEART SHELF UNIT,267
PINK UNION JACK  LUGGAGE TAG,266
MAGIC GARDEN FELT GARLAND ,266
MOCK LOBSTER FRIDGE MAGNET,266
BANK ACCOUNT  GREETING  CARD ,265
"ACRYLIC JEWEL ICICLE, PINK",264
GLITTER CHRISTMAS HEART ,264
RAINBOW PEGS PHOTO CLIP STRING,264
GARDENIA 3 WICK MORRIS BOXED CANDLE,263
BLUE POT PLANT CANDLE ,263
FELT FARM ANIMAL CHICKEN,262
PAPERWEIGHT CHILDHOOD MEMORIES,261
CHILDS GARDEN SPADE BLUE,261
RUSTIC STRAWBERRY JAM POT LARGE ,261
DANISH ROSE TRINKET TRAYS,261
GRASS HOPPER WOODEN WALL CLOCK ,260
HANGING BAUBLE T-LIGHT HOLDER SMALL,259
"TRAY, BREAKFAST IN BED",259
BOTANICAL GARDENS WALL CLOCK ,259
BAKING MOULD ROSE WHITE CHOCOLATE,258
6 EGG HOUSE PAINTED WOOD,258
GREY FLORAL FELTCRAFT SHOULDER BAG,257
WHITE GOOSE FEATHER TREE 60CM ,256
HORSE & PONY WALL ART,256
HOME SWEET HOME 3 PEG HANGER ,256
STRIPEY CHOCOLATE NESTING BOXES,256
FELT EGG COSY LADYBIRD ,256
RETROSPOT CANDLE  LARGE,255
DOLLY MIXTURE CHILDREN'S UMBRELLA,255
SET OF 4 NAPKIN CHARMS CROWNS ,255
LARGE BONNE JAM JAR  T-LIGHT HOLDER,254
WASH BAG VINTAGE ROSE PAISLEY,253
SET OF 4 NAPKIN CHARMS STARS   ,253
AIRLINE BAG VINTAGE JET SET BROWN,253
DOORMAT NEIGHBOURHOOD WITCH ,253
DOG AND BALL WALL ART,252
BELL HEART DECORATION,252
SET/6 EAU DE NIL BIRD T-LIGHTS,252
RETRO PLASTIC DAISY TRAY,252
YELLOW GIANT GARDEN THERMOMETER,251
BOTANICAL LILY GIFT WRAP,250
POLKA DOT RAFFIA FOOD COVER,250
SET OF 2 TRAYS HOME SWEET HOME,250
GARLAND WITH STARS AND BELLS,250
WHITE/PINK CHICK DECORATION,249
TOADSTOOL BEDSIDE LIGHT ,248
PAPER BUNTING PAISLEY PARK,248
ZINC SWEETHEART WIRE LETTER RACK,248
LARGE DECO JEWELLERY STAND,247
PINK HORSE SOCK PUPPET,247
BUFFALO BILL WALL ART ,246
PAPER LANTERN 9 POINT SNOW STAR,246
RETROSPOT BABUSHKA DOORSTOP,245
SET OF 6 RIBBONS PERFECTLY PRETTY  ,245
SPACEBOY TV DINNER TRAY,244
OVERNIGHT BAG VINTAGE ROSE PAISLEY,244
DISCO BALL ROTATOR BATTERY OPERATED,244
HEART BEADED TRELLIS DECORATION,244
SET OF 2 ROUND TINS DUTCH CHEESE,243
SET OF 6 T-LIGHTS WEDDING CAKE ,243
MULTICOLOUR  CONFETTI IN TUBE,243
CUT GLASS T-LIGHT HOLDER OCTAGON,243
MINI LADLE LOVE HEART PINK,243
SET OF 2 ROUND TINS CAMEMBERT ,242
PACK 20 DOLLY PEGS,242
SET 3 WICKER STORAGE BASKETS ,241
MISELTOE HEART WREATH CREAM,240
SET OF 2 TINS JARDIN DE PROVENCE,240
WHITE HANGING BEADS CANDLE HOLDER,239
SET/4 BADGES DOGS,239
STORAGE TIN HOME SWEET HOME,237
HOME SWEET HOME 2 DRAWER CABINET,237
CHILDS GARDEN SPADE PINK,237
RED REFECTORY CLOCK ,236
"RETRO PILL BOX KEY CHAIN,THE KING",235
ASSORTED TUTTI FRUTTI NOTEBOOK,235
PAPER LANTERN 9 POINT SNOW STAR ,234
BROWN CHECK CAT DOORSTOP ,233
LARGE CAKE STAND HANGING HEARTS,233
PINK LOVE BIRD CANDLE,232
KITTENS DESIGN FLANNEL,232
FAIRY SOAP SOAP HOLDER,232
MULTI HEARTS  STICKERS,231
PINK ENAMEL+GLASS HAIR COMB,231
BLUE POLKADOT PASSPORT COVER,231
SAVOY ART DECO CLOCK,231
SET/6 GREEN SPRING PAPER CUPS,231
SMALL DECO JEWELLERY STAND,229
"DECORATION , WOBBLY CHICKEN, METAL ",229
WOODEN REGATTA BUNTING,229
FOLDING UMBRELLA RED/WHITE POLKADOT,229
WALL ART LOVES' SECRET ,229
FROSTED WHITE BASE ,229
STOOL HOME SWEET HOME ,228
BLUE POLKADOT KIDS BAG,228
MEASURING TAPE BABUSHKA RED,228
WALL ART VILLAGE SHOW ,227
WOODLAND STORAGE BOX LARGE ,227
SMALL SILVER TRELLIS CANDLEPOT,226
PACK OF 6 PANETTONE GIFT BOXES,226
VINTAGE JINGLE BELLS HEART,226
EMBOSSED HEART TRINKET BOX,225
STRAWBERRIES  DESIGN FLANNEL ,225
LOVE POTION MASALA INCENSE,225
SPOTTY PINK DUCK DOORSTOP,225
GLITTER STAR GARLAND WITH BELLS ,223
MONEY BOX HOUSEKEEPING DESIGN,223
PINK UNION JACK  PASSPORT COVER ,223
S/4 BLACK MINI ROSE CANDLE IN BOWL,222
PINK STOCKING CHRISTMAS DECORATION,222
50CM METAL STRING WITH  7 CLIPS,222
SWEETHEART 3 TIER CAKE STAND ,222
S/12 VANILLA  BOTANICAL T-LIGHTS,221
JARDIN ETCHED GLASS CHEESE DISH,221
ENAMEL FIRE BUCKET CREAM,221
AIRLINE BAG VINTAGE WORLD CHAMPION ,221
CINDERELLA CHANDELIER ,220
BROWN  PIRATE TREASURE CHEST ,220
SPRIG LAVENDER ARTIFICIAL FLOWER,220
CARD HOLDER LOVE BIRD LARGE ,220
EMBROIDERED RIBBON REEL CLAIRE,219
CHRISTMAS HANGING HEART WITH BELL,219
JOY WOODEN BLOCK LETTERS,219
VINTAGE UNION JACK SHOPPING BAG,219
GARDEN PATH JOURNAL,218
GARLAND WITH HEARTS AND BELLS,218
 TRELLIS COAT RACK,217
BLUE PAISLEY JOURNAL ,217
PEARLISED IVORY HEART SMALL ,217
3D SHEET OF CAT STICKERS,216
CLASSIC SUGAR DISPENSER,216
MONEY BOX BISCUITS DESIGN,216
SWEETHEART WIRE WALL TIDY,215
CHERRY CROCHET FOOD COVER,215
ASSORTED TUTTI FRUTTI HEART BOX,215
12 PINK ROSE PEG PLACE SETTINGS,214
CAKE STAND LOVEBIRD 2 TIER WHITE,214
WOODLAND STORAGE BOX SMALL,213
HAND TOWEL PALE BLUE W FLOWERS,212
ANGEL DECORATION WITH LACE PADDED,212
GARDENIA 1 WICK MORRIS BOXED CANDLE,211
ROUND BLUE CLOCK WITH SUCKER,211
HAPPY EASTER HANGING DECORATION,211
FLOWERS  STICKERS,211
MR ROBOT SOFT TOY,211
TWO DOOR CURIO CABINET,210
WALL ART GARDEN HAVEN ,210
GINGHAM BABUSHKA DOORSTOP,210
16 PIECE CUTLERY SET PANTRY DESIGN,210
MULTICOLOUR 3D BALLS GARLAND,209
HOME SMALL WOOD LETTERS,209
BLACK CHRISTMAS TREE 120CM,209
I LOVE LONDON BABY GIFT SET,209
WALL ART HORSE & PONY ,209
PHOTO FRAME LINEN AND LACE LARGE,208
CUPID DESIGN SCENTED CANDLES,208
PHOTO CLIP LINE,207
CLAM SHELL SMALL ,206
CAKE STAND VICTORIAN FILIGREE SMALL,206
SEWING BOX RETROSPOT DESIGN ,205
CREAM SWEETHEART LETTER RACK,205
MULTICOLOUR RABBIT EGG WARMER,205
BROCANTE COAT RACK,205
WALL ART WORK REST AND PLAY  ,205
VINTAGE UNION JACK DOORSTOP,204
MILK MAIDS MUG ,204
GREEN HEART COMPACT MIRROR,203
VINTAGE RED TEATIME MUG,203
SILK PURSE BABUSHKA RED,202
IVORY REFECTORY CLOCK,202
ASSORTED COLOUR SUCTION CUP HOOK,202
PANTRY 3 HOOK ROLLING PIN HANGER,202
PINK POLKADOT PLATE ,202
SET/4 BADGES CUTE CREATURES,201
BLACK LOVE BIRD CANDLE,201
SMOKEY GREY COLOUR GLASS,200
LUNCH BAG RED SPOTTY,200
WRAP FOLK ART,200
TRANQUILITY MASALA INCENSE,200
EGG FRYING PAN PINK ,200
HAND TOWEL PINK FLOWER AND DAISY,199
RETRO LONGBOARD IRONING BOARD COVER,199
WOODLAND LARGE RED FELT HEART,198
SWEETHEART WIRE FRUIT BOWL,198
SET/4 BADGES BEETLES,198
ENGLISH ROSE SMALL SCENTED FLOWER,198
COSY HOUR GIANT TUBE MATCHES,197
STRIPY DESIGN SHOWER CAP,197
PANTRY HOOK BALLOON WHISK ,196
PINK HEARTS LIGHT CHAIN ,196
SILVER GLASS T-LIGHT SET,196
RED HEART LUGGAGE TAG,195
FELTCRAFT DOLL MARIA,194
CREAM SLICE FLANNEL CHOCOLATE SPOT ,193
AIRLINE BAG VINTAGE JET SET WHITE,193
LARGE ROUND WICKER PLATTER ,193
PORCELAIN BUTTERFLY OIL BURNER,193
ICE CREAM DESIGN GARDEN PARASOL,193
FUNKY MONKEY CUSHION COVER,193
PINK FLOWER CROCHET FOOD COVER,193
CANDLE HOLDER SILVER MADELINE,193
DOGGY RUBBER,193
SET OF 3 PANTRY WOODEN SPOONS,192
T-LIGHT HOLDER SILVER HEART HANDLE,192
"NURSERY A,B,C PAINTED LETTERS",192
MAGAZINE RACK GEBRA ASSORTED ,191
KEY CABINET MA CAMPAGNE,191
PACK 3 IRON ON DOG PATCHES,191
PINK POT PLANT CANDLE,189
"RETRO PILL BOX , REVOLUTIONARY",189
CANDY SPOT HAND BAG,188
PIN CUSHION BABUSHKA RED,187
PINK ROSE FABRIC MIRROR,187
DOOR HANGER  MUM + DADS ROOM,187
EGG CUP HENRIETTA HEN PINK,187
CLASSICAL ROSE CANDLESTAND,187
FLYING PIG WATERING CAN,187
PINK AND WHITE CHRISTMAS TREE 120CM,186
SET OF 4 NAPKIN CHARMS 3 KEYS ,186
GLASS CHALICE GREEN  LARGE ,186
CHILDS GARDEN RAKE PINK,186
SET OF 4 NAPKIN CHARMS LEAVES   ,185
SNACK TRAY RED VINTAGE DOILY,185
PINK RIVIERA HANDBAG,185
BULL DOG BOTTLE TOP WALL CLOCK,185
SILK PURSE BABUSHKA BLUE,184
BUNNY EGG BOX,183
T-LIGHT HOLDER SILVER PETIT FOUR ,183
BIRDS MOBILE VINTAGE DESIGN,183
CHERRY BLOSSOM DECORATIVE FLASK,182
ENCHANTED BIRD PLANT CAGE,181
FOLKART HEART NAPKIN RINGS,181
CURIOUS  IMAGES NOTEBOOK SET,181
DOORKNOB CRACKED GLAZE IVORY,180
TEA TIME TABLE CLOTH,180
"GREETING CARD, OVERCROWDED POOL.",180
ADULT APRON APPLE DELIGHT,180
SET/6 BLACK BIRD T-LIGHT CANDLES,179
DAIRY MAID TRADITIONAL TEAPOT ,179
SET OF 2 TINS VINTAGE BATHROOM ,178
WHITE CHRISTMAS GARLAND STARS TREES,178
MOTHER'S KITCHEN SPOON REST ,178
LARGE MEDINA STAMPED METAL BOWL ,177
PACK 3 BOXES BIRD PANETTONE ,177
LETS GO SHOPPING COTTON TOTE BAG,177
POCKET BAG PINK PAISELY BROWN SPOT,177
BOOM BOX SPEAKER BOYS,176
COLUMBIAN CANDLE RECTANGLE,176
SET/3 DECOUPAGE STACKING TINS,175
RED RETROSPOT BIG BOWL,175
CANDY SHOP  STICKER SHEET,175
DOCTOR'S BAG SOFT TOY,174
CHARLIE+LOLA RED HOT WATER BOTTLE ,174
LAVENDER INCENSE IN TIN,172
SMALL POP BOX FUNKY MONKEY,172
FIVE CATS HANGING DECORATION,172
BLUE DAISY MOBILE,172
CHILDS GARDEN RAKE BLUE,171
FRENCH PAISLEY CUSHION COVER,170
WHITE HAND TOWEL WITH BUTTERFLY,170
EGG FRYING PAN MINT ,169
GOLD PHOTO FRAME,169
PINK CAT BOWL,168
PINK HEARTS PAPER GARLAND,168
COLUMBIAN CANDLE ROUND ,168
GREEN GOOSE FEATHER CHRISTMAS TREE ,167
SUNSET CHECK HAMMOCK,167
SET OF 6 RIBBONS PARTY,167
BLUE PATCH PURSE PINK HEART,166
DOG TOY WITH PINK CROCHET SKIRT,166
IVORY STRING CURTAIN WITH POLE ,166
EMBROIDERED RIBBON REEL RUBY ,166
BEADED CRYSTAL HEART PINK SMALL,166
DINOSAUR HEIGHT CHART STICKER SET,165
SKULLS  DESIGN  COTTON TOTE BAG,165
GREEN GOOSE FEATHER TREE 60CM,165
HEN PARTY CORDON BARRIER TAPE,165
WHITE HONEYCOMB PAPER GARLAND ,165
GLASS  SONGBIRD STORAGE JAR,165
WALL ART MID CENTURY MODERN ,164
SET OF 6 RIBBONS COUNTRY STYLE,164
PAINT YOUR OWN EGGS IN CRATE,164
SMALL PARLOUR PICTURE FRAME,164
SNACK TRAY PAISLEY PARK,164
RED DAISY POCKET BOOK ,164
GOLD WINE GOBLET,164
ASSORTED CHEESE FRIDGE MAGNETS,163
MIRRORED WALL ART GENTS,163
DOORKNOB CRACKED GLAZE BLUE,162
3 TRADITIONAL COOKIE CUTTERS  SET,162
"ACRYLIC JEWEL SNOWFLAKE, PINK",162
BLUE REFECTORY CLOCK ,162
GLASS JAR KINGS CHOICE,162
WHITE SOAP RACK WITH 2 BOTTLES,161
PIN CUSHION BABUSHKA PINK,161
SKULLS DESIGN FLANNEL,161
2 PICTURE BOOK EGGS EASTER CHICKS,161
ABSTRACT CIRCLES POCKET BOOK,161
SET/12 FUNKY FELT FLOWER PEG IN BAG,161
MIRRORED WALL ART LADIES,161
PAPERWEIGHT KINGS CHOICE ,160
"GREETING CARD,SQUARE, DOUGHNUTS",160
TRIPLE WIRE HOOK IVORY HEART,160
CABIN BAG VINTAGE RETROSPOT,160
CD WALL TIDY RED FLOWERS,160
PANTRY HOOK TEA STRAINER ,160
FUSCHIA FLOWER PURSE WITH BEADS,159
SET OF 36 MUSHROOM PAPER DOILIES,159
PINK BUNNY EASTER EGG BASKET,158
BLACK MINI TAPE MEASURE ,158
2 PICTURE BOOK EGGS EASTER BUNNY,158
HAND OPEN SHAPE GOLD,157
"GREETING CARD, STICKY GORDON",157
BLUE BUNNY EASTER EGG BASKET,157
WALL ART SPACEBOY,156
SET OF 4 FAIRY CAKE PLACEMATS,156
PINK GLASS CANDLEHOLDER,156
FOLDING MIRROR HOT PINK ,156
HELLO SAILOR BLUE SOAP HOLDER,155
BROCANTE SHELF WITH HOOKS,155
HIPPY CHIC DECORATIVE PARASOL,155
CRAZY DAISY HEART DECORATION,155
LOLITA  DESIGN  COTTON TOTE BAG,154
SET 4 VALENTINE DECOUPAGE HEART BOX,154
ORIGAMI VANILLA INCENSE CONES,154
PANTRY HOOK SPATULA,154
CALENDAR FAMILY FAVOURITES,153
GROW YOUR OWN HERBS SET OF 3,153
MOBILE VINTAGE HEARTS ,153
MIRROR MOSAIC CANDLE PLATE,151
SNACK TRAY I LOVE LONDON,151
BLUE KNITTED EGG COSY,150
EGG FRYING PAN BLUE ,150
SQUARECUSHION COVER PINK UNION JACK,150
BLUE POLKADOT LUGGAGE TAG ,150
70'S ALPHABET WALL ART,150
GREEN ROSE WASHBAG,149
SMALL CHUNKY GLASS ROMAN  BOWL,149
WALL ART ANIMALS AND NATURE ,149
GIFT BAG LARGE VINTAGE CHRISTMAS,148
BLUE POLKADOT GARDEN PARASOL,148
LE GRAND TRAY CHIC SET,147
RED APPLES CHOPPING BOARD   ,147
GLASS CHALICE GREEN  SMALL ,147
EDWARDIAN HEART PHOTO FRAME,147
ENAMEL BLUE RIM COFFEE CONTAINER,147
CAMPHOR WOOD PORTOBELLO MUSHROOM,147
SET OF 16 VINTAGE ROSE CUTLERY,147
NUMBER TILE VINTAGE FONT No ,147
"BUNTING , SPOTTY ",146
CHEST OF DRAWERS GINGHAM HEART ,146
PAPERWEIGHT HOME SWEET HOME,146
SILVER ROCOCO CANDLE STICK,146
TOOL BOX SOFT TOY ,146
BLACK LOVE BIRD T-LIGHT HOLDER,145
FOLK ART METAL HEART T-LIGHT HOLDER,145
CUPBOARD 3 DRAWER MA CAMPAGNE,145
TEA COSY BLUE STRIPE,145
SET OF 4 DIAMOND NAPKIN RINGS,145
VINTAGE LEAF CHOPPING BOARD  ,144
WALL ART THE MAGIC FOREST ,144
MRS ROBOT SOFT TOY,143
JUMBO BAG VINTAGE DOILEY ,143
SPACE OWL,143
LOVE HEART NAPKIN BOX ,143
COSY SLIPPER SHOES SMALL GREEN,143
CORONA MEXICAN TRAY,143
FAN BLACK FRAME ,143
TROPICAL PASSPORT COVER ,142
BEADED CRYSTAL HEART GREEN ON STICK,142
HEART T-LIGHT HOLDER,142
GEORGIAN TRINKET BOX,142
S/4 GROOVY CAT MAGNETS,142
BATHROOM HOOK,140
 4 PURPLE FLOCK DINNER CANDLES,140
PINK/PURPLE RETRO RADIO,140
MIRROR LOVE BIRD T-LIGHT HOLDER,140
PINK KNITTED EGG COSY,140
DENIM PATCH PURSE PINK BUTTERFLY,140
PINK SPOTS CHOCOLATE NESTING BOXES ,139
FOLDING UMBRELLA CREAM POLKADOT,139
ZINC BOX SIGN HOME,139
ORGANISER WOOD ANTIQUE WHITE ,139
IVORY SWEETHEART SOAP DISH,139
GOLD FABRIC MIRROR,139
BLACK ORANGE SQUEEZER,138
4 ROSE PINK DINNER CANDLES,138
"TUMBLER, NEW ENGLAND",138
MA CAMPAGNE CUTLERY BOX,138
CLASSICAL ROSE SMALL VASE,138
PINK CANDYSTUFT ARTIFICIAL FLOWER,137
BLACK SILOUETTE CANDLE PLATE,137
MONEY BOX CONFECTIONERY DESIGN,137
MEDIUM PARLOUR PICTURE FRAME ,136
PINK CHICK EGG WARMER + EGG CUP,136
DOORSTOP FOOTBALL DESIGN,135
BLUE FLY SWAT,135
SET/4 BLUE FLOWER CANDLES IN BOWL,135
WHITE AND BLUE CERAMIC OIL BURNER,134
CARRIAGE,134
CHERRY BLOSSOM PASSPORT COVER,134
BLUE SCOTTIE DOG W FLOWER PATTERN,134
PAPERWEIGHT VINTAGE PAISLEY,134
WHITE TRAVEL ALARM CLOCK,134
THREE MINI HANGING FRAMES,134
STAR  T-LIGHT HOLDER ,132
FRENCH CARRIAGE LANTERN,132
COSY SLIPPER SHOES LARGE GREEN,131
KEEP OUT BOYS DOOR HANGER ,131
UTILTY CABINET WITH HOOKS,131
HANGING GLASS ETCHED TEALIGHT,131
GREEN FERN JOURNAL ,131
CUBIC MUG FLOCK PINK ON BROWN,130
SPACE BOY CHILDRENS CUP,130
GLOW IN DARK DOLPHINS,129
SQUARE CHERRY BLOSSOM CABINET,129
SMALL ROUND CUT GLASS CANDLESTICK,129
SMALL TALL CAMPHOR WOOD TOADSTOOL,129
PIG MUG IN TWO COLOUR DESIGNS,128
ABSTRACT CIRCLES SKETCHBOOK ,128
PINK PADDED MOBILE,128
PINK GOOSE FEATHER TREE 60CM,128
IVORY PILLAR CANDLE GOLD FLOCK,128
VIPPASSPORT COVER ,128
RELAX LARGE WOOD LETTERS,127
IVORY WIRE SWEETHEART LETTER TRAY,127
CUBIC MUG FLOCK BLUE ON BROWN,127
MEDIUM WHITE/PINK ROSE ART FLOWER,127
SET/6 POSIES PAPER CUPS,126
4 PINK DINNER CANDLE SILVER FLOCK,126
GREEN ROUND COMPACT MIRROR,126
HANGING METAL CHICKEN DECORATION,126
SET OF 3 GOLD FLYING DUCKS,126
BLUE HEART COMPACT MIRROR,125
GREEN SQUARE COMPACT MIRROR,125
PINK POLKADOT CHILDRENS UMBRELLA,125
CAKE STAND LOVEBIRD 2 TIER PINK,124
JARDIN ETCHED GLASS FRUITBOWL,123
BUTTERFLY CROCHET FOOD COVER,123
SILVER DISCO HANDBAG,123
PINK FAIRY CAKE CUSHION COVER,123
CHAMBRE HOOK,123
SET 8 CANDLES VINTAGE DOILEY,122
WALL MIRROR RECTANGLE DIAMANTE PINK,122
BOX/12 CHICK & EGG IN BASKET,122
ANTIQUE GLASS PLACE SETTING,122
JUNGLE POPSICLES ICE LOLLY HOLDERS,121
 OVAL WALL MIRROR DIAMANTE ,121
SPACE CADET RED,121
RUSTIC STRAWBERRY JAMPOT LARGE ,120
SET/3 RABBITS FLOWER SKIPPPING ROPE,120
DOILEY BISCUIT TIN,120
GYMKHANNA TREASURE BOOK BOX,120
HAND WARMER RED POLKA DOT,120
FOLDING UMBRELLA BLACKBLUE POLKADOT,120
GREEN BITTY LIGHT CHAIN,119
ROSE DU SUD OVEN GLOVE,119
CLASSIC GLASS SWEET JAR,119
LADYBIRD + BEE RAFFIA FOOD COVER,119
HEART TRELLIS TRIPLE T-LIGHT HOLDER,118
GLASS BONNE JAM JAR,118
WALL ART CAT AND BIRD ,118
DOORSTOP RACING CAR DESIGN,118
RIDGED GLASS POSY VASE ,117
FLOWER BLUE CLOCK WITH SUCKER,117
ASSORTED TUTTI FRUTTI LARGE PURSE,117
PINK FELT EASTER RABBIT GARLAND,116
NINJA RABBIT BLACK,116
IVORY WIRE KITCHEN ORGANISER,116
ASSORTED COLOUR METAL CAT ,115
PINK POLKADOT GARDEN PARASOL,115
BEADED CRYSTAL HEART PINK ON STICK,115
BLOND DOLL DOORSTOP,115
2 PICTURE BOOK EGGS EASTER DUCKS,115
IVORY CAFE HANGING LAMP ,114
CANDLE PLATE LACE WHITE,114
A4 WALL TIDY BLUE OFFICE,114
GARDEN PATH SKETCHBOOK,113
SMALL WHITE/PINK ROSE ART FLOWER,113
DANISH ROSE FOLDING CHAIR,112
WHEELBARROW FOR CHILDREN ,112
RED KUKUI COCONUT SEED NECKLACE,112
SET OF 4 NAPKIN CHARMS INSTRUMENT,112
12 EGG HOUSE PAINTED WOOD,111
SNACK TRAY HAPPY FOREST  ,111
WIRE EGG BASKET ,110
BLUE PAISLEY SKETCHBOOK,110
CHRISTMAS RETROSPOT HEART WOOD,110
LAVENDER INCENSE 40 CONES IN TIN,109
PINK BERTIE GLASS BEAD BAG CHARM,109
EASTER TREE YELLOW BIRDS,109
ASSORTED SANSKRIT MINI NOTEBOOK,109
FAWN AND MUSHROOM GREETING CARD,108
PAINTED LIGHTBULB STAR+ MOON,108
RIBBONS PURSE ,108
CUSHION COVER PINK UNION JACK,108
SWEETHEART WALL TIDY ,108
ABSTRACT CIRCLE JOURNAL ,108
FRYING PAN BLUE POLKADOT,108
S/6 SEW ON CROCHET FLOWERS,108
POLYESTER FILLER PAD 30CMx30CM,107
PINK/YELLOW FLOWERS HANDBAG,106
HEART GARLAND RUSTIC PADDED,106
PAPER LANTERN 5 POINT STAR MOON ,106
GARDEN METAL SIGN ,105
GREEN ENAMEL+GLASS HAIR COMB,105
FIRST CLASS LUGGAGE TAG ,105
BLACK BIRD GARDEN DESIGN MUG,105
EASTER BUNNY WITH BASKET ON BACK,105
"FLOWER FAIRY,5 SUMMER B'DRAW LINERS",105
MUM'S KITCHEN CLOCK,104
RETRO LEAVES MAGNETIC NOTEPAD,104
PAISLEY PATTERN  STICKERS,104
PURPLE ACRYLIC FACETED BANGLE,104
TUB 24 PINK FLOWER PEGS,103
PINK ROSE WASHBAG,103
VINTAGE COFFEE GRINDER BOX,103
TEA TIME TEA SET IN GIFT BOX,102
MIRRORED DOVE WALL DECORATION,101
BEADED CRYSTAL HEART GREEN SMALL,101
PING! MICROWAVE PLATE,101
POLYESTER FILLER PAD 45x30cm,101
NINJA RABBIT PINK,101
CINAMMON & ORANGE WREATH,101
GREEN FERN SKETCHBOOK ,101
WRAP SUMMER ROSE DESIGN,100
"WRAP, CAROUSEL",100
WRAP  VINTAGE DOILEY ,100
"CHRISTMAS GARLAND STARS,TREES",100
PEG BAG APPLE DESIGN,100
SPACE FROG,100
PINK SWEETHEART BRACELET,99
BLUE DELPHINIUM ARTIFICIAL FLOWER,99
PAPER LANTERN 7 POINT SNOW STAR,99
MIRRORED WALL ART SPLODGES,98
SET OF 4 POLKADOT COASTERS,98
COLUMBIAN  CUBE CANDLE ,98
POP ART PUSH DOWN RUBBER ,98
FUSCHIA VOILE POINTY SHOE DEC,97
RIDGED GLASS STORAGE JAR CREAM LID,97
ANTIQUE IVORY WIRE BOWL SMALL,97
MILK PAN BLUE POLKADOT,96
CD WALL TIDY BLUE OFFICE,96
BLACK FEATHER CHRISTMAS DECORATION,96
DAISY FOLKART HEART DECORATION,96
GLASS SPHERE CANDLE STAND MEDIUM,96
GIFT BAG LARGE SPOT ,96
CHRYSANTHEMUM SKETCHBOOK ,96
ASS FLORAL PRINT SPIRIT LEVEL ,96
"ACRYLIC HANGING JEWEL,PINK",95
CHRYSANTHEMUM NOTEBOOK,95
PINK MONTE CARLO HANDBAG,95
BLACK SQUARE TABLE CLOCK,95
SET/6 POSIES PAPER PLATES,95
ECONOMY LUGGAGE TAG,95
RED   ACRYLIC FACETED BANGLE,94
WHITE SQUARE TABLE CLOCK,94
SET OF 16 VINTAGE PISTACHIO CUTLERY,94
CHARLIE LOLA BLUE HOT WATER BOTTLE ,94
GOLD STANDING GNOME,93
SMALL CAMPHOR WOOD FIELD  MUSHROOM,93
PAINTED SEA SHELL METAL WINDCHIME,93
EIGHT PIECE DINOSAUR SET,93
"SMALL POP BOX,FUNKY MONKEY",93
"GARLAND, VINTAGE BELLS",92
SILVER VANILLA  FLOWER CANDLE POT,92
SET OF SKULL WALL STICKERS,92
FORKED CACTUS CANDLE,92
HAND OPEN SHAPE DECO.WHITE,92
BLUE KNITTED HEN ,91
SILVER T-LIGHT SETTING,91
LOVE LARGE WOOD LETTERS ,91
SCOTTIES DESIGN WASHBAG,91
CRYSTAL SEA HORSE PHONE CHARM,90
RABBIT  DESIGN  COTTON TOTE BAG,90
TALL ROCOCO CANDLE HOLDER,90
QUEEN OF SKIES LUGGAGE TAG,89
JINGLE BELLS TREE DECORATION,89
ENAMEL BLUE RIM BISCUIT BIN,89
EDWARDIAN PHOTO FRAME,89
WALL ART DOG AND BALL ,89
ROUND WHITE CONFETTI IN TUBE,89
GOLD APERITIF GLASS,88
PANTRY KITCHEN THERMOMETER ,88
BLUE ROUND COMPACT MIRROR,88
SET OF 16 VINTAGE BLACK CUTLERY,87
FOLDING UMBRELLA CHOCOLATE POLKADOT,87
SUNFLOWER DECORATIVE PARASOL,87
WALL ART TREASURE AHOY ,87
4 BLUE DINNER CANDLES SILVER FLOCK,86
ASSORTED FARMYARD ANIMALS IN BUCKET,86
WALL ART I LOVE LONDON ,86
FOLDING UMBRELLA WHITE/RED POLKADOT,86
BLUE  VOILE LAMPSHADE,86
PINK RETRO BIG FLOWER BAG,86
POPPY FIELDS CHOPPING BOARD,85
WOODLAND LARGE BLUE FELT HEART,85
VINTAGE NOTEBOOK PARIS DAYS,85
PAPER LANTERN 9 POINT HOLLY STAR S,85
CRYSTAL FROG PHONE CHARM,85
BLUE  TILE HOOK,85
GREEN JUICY FRUIT PHOTO FRAME,84
FOLDING UMBRELLA PINKWHITE POLKADOT,84
PURPLE ENAMEL+GLASS HAIR COMB,84
PINK SCOTTIE DOG W FLOWER PATTERN,84
PINK DISCO HANDBAG,83
PINK GINGHAM CAT WITH SCARF,83
NUMBER TILE VINTAGE FONT 3,83
MIRROR CORNICE,83
SET 4 PICNIC CUTLERY BLUEBERRY,82
BLUE JUICY FRUIT PHOTO FRAME,82
DOLLCRAFT BOY JEAN-PAUL ,82
SMALL APOTHECARY MEASURING JAR ,81
LA JARDIN BOTANIQUE CUSHION COVER,81
MISELTOE HEART WREATH ,80
ZINC WIRE SWEETHEART LETTER TRAY,80
GOLD SCROLL GLASS T-LIGHT HOLDER,80
ORIGAMI SANDLEWOOD INCENSE+FLOWER,80
PSYCHEDELIC WALL THERMOMETER,80
SMALL SQUARE CUT GLASS CANDLESTICK,80
PINK PILLAR CANDLE SILVER FLOCK,80
SET/4 BUTTERFLY MIRROR MAGNETS,79
SET OF 2 TEA TOWELS PING MICROWAVE,79
NUMBER TILE VINTAGE FONT 6 ,79
NUMBER TILE VINTAGE FONT 2,79
Next Day Carriage,79
ROUND PINK HEART MIRROR,78
SET OF 4 POLKADOT PLACEMATS ,78
RED DRAGONFLY HELICOPTER,78
WHITE WITH BLACK CATS PLATE,78
GEMSTONE CHANDELIER T-LIGHT HOLDER,78
LARGE SKULL WINDMILL,78
STRAWBERRY DREAM CHILDS UMBRELLA,78
SET OF 16 VINTAGE SKY BLUE CUTLERY,78
LARGE PARLOUR PICTURE FRAME,78
NUMBER TILE VINTAGE FONT 4,78
"ACRYLIC JEWEL ANGEL,PINK",78
MISELTOE HEART WREATH WHITE,78
SWEET HEART CAKE CARRIER,78
BEADED CRYSTAL HEART BLUE SMALL,77
SET/4 MODERN VINTAGE COTTON NAPKINS,77
SKULLS STORAGE BOX SMALL,77
BEADED PEARL HEART WHITE LARGE,77
PACK 3 FIRE ENGINE/CAR PATCHES,76
GREEN SWEETHEART BRACELET,76
BLUE TV TRAY TABLE ,76
YELLOW EASTER EGG HUNT START POST,75
HALL CABINET WITH 3 DRAWERS,75
NUMBER TILE VINTAGE FONT 5,75
PINK METAL SWINGING BUNNY,75
HEART T-LIGHT HOLDER ,75
PIN CUSHION BABUSHKA BLUE,75
ROCOCO WALL MIRROR WHITE,75
SILVER PHOTO FRAME,75
EAU DE NILE JEWELLED T-LIGHT HOLDER,75
CAKE STAND VICTORIAN FILIGREE MED,74
VINTAGE JINGLE BELLS WREATH,74
NUMBER TILE VINTAGE FONT 7,74
METAL RABBIT LADDER EASTER ,74
BROWN KUKUI COCONUT SEED NECKLACE,74
SET/3 POLKADOT STACKING TINS,74
PURPLE BERTIE GLASS BEAD BAG CHARM,74
POSY CANDY BAG,74
VINTAGE GLASS COFFEE CADDY,74
TABLE LAMP WHITE SHADE WOOD BASE,74
TURQUOISE BERTIE GLASS BEAD CHARM,73
BABY MOUSE RED GINGHAM DRESS,73
BLUE & WHITE BREAKFAST TRAY,73
BEADED CRYSTAL HEART BLUE ON STICK,73
PINK FLOWER FABRIC PONY,73
NUMBER TILE VINTAGE FONT 1,72
CERAMIC BIRDHOUSE CRESTED TIT SMALL,72
HEAVENS SCENT FRAGRANCE OILS ASSTD,72
PINK DIAMANTE PEN IN GIFT BOX,72
LILAC VOTIVE CANDLE,72
SPOTTED WHITE NATURAL SEED NECKLACE,72
VEGETABLE GARDEN CHOPPING BOARD,72
PACK OF 12 DOILEY TISSUES,72
WAKE UP COCKEREL CALENDAR SIGN ,72
PARTY TIME DESIGN FLANNEL,72
STRING OF STARS CARD HOLDER,71
DAISY SKETCHBOOK ,71
SET 4 PICNIC CUTLERY CHERRY ,71
CHRYSANTHEMUM  JOURNAL,71
CREAM DELPHINIUM ARTIFICIAL FLOWER,70
SET OF 4 CAROUSEL PLACEMATS ,70
LUNCH BAG VINTAGE DOILEY ,70
CROCHET ROSE PURSE WITH SUEDE BACK,70
MINT GREEN ROSE TOWEL,70
BEACH HUT SHELF W 3 DRAWERS,70
DECORATIVE PLANT POT WITH FRIEZE,70
FRENCH CHATEAU LARGE PLATTER ,70
IVORY RETRO KITCHEN WALL CLOCK,70
WEEKEND BAG VINTAGE ROSE PAISLEY,69
GLASS TWIST BON BON JAR,69
HANGING MEDINA LANTERN SMALL,69
BLUE SAVANNAH PICNIC HAMPER FOR 2,69
PAPER LANTERN 9 POINT HOLLY STAR L,69
NUMBER TILE COTTAGE GARDEN 1,69
GARDEN PATH POCKET BOOK,69
PINK BITTY LIGHT CHAIN,69
DOLLCRAFT GIRL NICOLE,68
YELLOW/ORANGE FLOWER DESIGN PLATE,68
BATHROOM SET LOVE HEART DESIGN,68
NURSE'S BAG SOFT TOY,68
TRIPLE WIRE HOOK PINK HEART,68
QUEEN OF THE SKIES PASSPORT COVER ,68
SKULLS STORAGE BOX LARGE,67
NUMBER TILE COTTAGE GARDEN 2,67
FOUR RABBIT EASTER DECORATIONS,67
BLACK SWEETHEART BRACELET,67
TEATIME PEN CASE & PENS,67
MIRRORED WALL ART TABLE LAMP,67
COOKING SET RETROSPOT,66
DAISY JOURNAL ,66
NUMBER TILE VINTAGE FONT 8,66
DOLLCRAFT GIRL AMELIE KIT,66
SUMMER DAISIES BAG CHARM,66
FIRST CLASS PASSPORT COVER ,66
THREE CANVAS LUGGAGE TAGS,66
SILVER JEWELLED MIRROR TRINKET TRAY,66
SET OF PICTURE FRAME  STICKERS,66
FAUX FUR CHOCOLATE THROW,66
SIX DRAWER OFFICE TIDY,65
VINTAGE KITCHEN PRINT FRUITS,65
SWEET PUDDING STICKER SHEET,65
SPACE CADET WHITE,65
VINTAGE KITCHEN PRINT VEGETABLES,65
ASSORTED COLOURED CIRCLE MOBILE ,65
SET 4 PICNIC CUTLERY FONDANT,65
HARDMAN MUG 3 ASSORTED,64
LARGE TORTILLA DESIGN RED BOWL,64
APOTHECARY MEASURING JAR,64
PAINTED LIGHTBULB RAINBOW DESIGN,64
BLACK ENAMEL FLOWER RING,64
SET 36 COLOUR PENCILS DOILEY,64
CHRYSANTHEMUM POCKET BOOK ,64
CABIN BAG VINTAGE PAISLEY,64
DAISY NOTEBOOK ,64
BLUE BLOSSOM HAIR CLIP,64
NUMBER TILE VINTAGE FONT 9 ,63
PINK FLY SWAT,63
"LETTER ""A"" BLING KEY RING",63
BLUE CIRCLES DESIGN MONKEY DOLL,63
GREEN FERN POCKET BOOK,63
SQUARECUSHION COVER PINK UNION FLAG,62
SET OF 16 VINTAGE RED CUTLERY,62
POLKADOT MUG PINK ,62
NUMBER TILE VINTAGE FONT 0,62
PINK SQUARE TABLE CLOCK,62
BLUE  DIAMANTE PEN IN GIFT BOX,61
PURPLE DRESS JEWELLERY STAND,61
PICNIC BASKET WICKER 60 PIECES,61
"LETTER ""Y"" BLING KEY RING",61
SMALL BLUE PROVENCAL CERAMIC BALL,61
FLOWER FAIRY INCENSE BOUQUET,61
SET OF 12 T-LIGHTS VINTAGE DOILEY,61
TROPICAL LUGGAGE TAG,61
LUNCH BOX WITH CUTLERY FAIRY CAKES ,61
FROG CANDLE,61
BLACK SMALL GLASS CAKE STAND,61
METALIC LEAVES BAG CHARMS,60
ZINC SWEETHEART SOAP DISH,60
FLOWER FAIRY 5 DRAWER LINERS,60
VINTAGE ENGRAVED HEART,60
VINTAGE PINK DECORATIVE PARASOL,60
BUNDLE OF 3 RETRO EXERCISE BOOKS,60
CLASSIC CROME BICYCLE BELL ,60
VINTAGE RED KITCHEN CABINET,60
CITRUS GARLAND FELT FLOWERS ,60
STARFISH SOAP DISH,59
PINK & WHITE BREAKFAST TRAY,59
ORIGAMI OPIUM INCENSE/CANDLE SET ,59
4 SKY BLUE DINNER CANDLES,58
LOVE SEAT ANTIQUE WHITE METAL,58
CREAM HANGING HEART T-LIGHT HOLDER,57
75 BLACK PETIT FOUR CASES,57
LAZER CUT NECKLACE W PASTEL BEADS,57
SET/4 COLOURFUL MIXING BOWLS,57
STRIPES DESIGN TEDDY,57
CAKE SHOP  STICKER SHEET,57
FLOWERS TILE HOOK,57
BLUE CAT BISCUIT BARREL PINK HEART,57
CAKES AND RABBITS DESIGN FLANNEL ,57
PAIR PADDED HANGERS PINK CHECK,57
PINK/BLUE STRING CURTAIN ,56
NUMBER TILE COTTAGE GARDEN 9,56
HEART TRELLISTRIPLE T-LIGHT HOLDER,56
BLUE PAISLEY NOTEBOOK,56
SNACK TRAY RED GINGHAM,56
3 TIER SWEETHEART GARDEN SHELF,55
4 BURGUNDY WINE DINNER CANDLES,55
ASSORTED CAKES FRIDGE MAGNETS,55
NUMBER TILE COTTAGE GARDEN 4,55
 NINE DRAWER OFFICE TIDY,55
CLASSIC WHITE FRAME,55
CERAMIC STRAWBERRY TRINKET TRAY,55
SET 4 NURSERY DES ROUND BOXES,55
LUSH GREENS RIBBONS,54
NUMBER TILE COTTAGE GARDEN 6,54
"TUMBLER, BAROQUE",54
"PINK/WHITE ""KEEP CLEAN"" BULLET BIN",54
EASTER BUNNY HANGING GARLAND,54
PINK FELT HANGING HEART W FLOWER,54
NUMBER TILE COTTAGE GARDEN 0 ,54
FLOOR CUSHION ELEPHANT CARNIVAL,54
SET/3 POT PLANT CANDLES,54
DONKEY TAIL GAME ,54
BLACK DINER WALL CLOCK,53
SQUARE FLOOR CUSHION VINTAGE RED,53
KENSINGTON COFFEE SET,53
PINK JEWELLED PHOTO FRAME ,53
SCENTED CANDLE IN DIGITALIS TIN,53
NUMBER TILE COTTAGE GARDEN 3 ,52
SILVER FLOWR PINK SHELL NECKLACE,52
GREEN FERN NOTEBOOK,52
BLUE CIRCLES DESIGN TEDDY,52
SILVER DIAMANTE PEN IN GIFT BOX,52
PINK/PURPLE CIRCLE CURTAIN,52
SQUARE METAL CANDLEHOLDER BASE,52
PLASMATRONIC LAMP,52
"LETTER ""C"" BLING KEY RING",52
NUMBER TILE COTTAGE GARDEN 8,52
CAROUSEL DESIGN WASHBAG,52
"RETRO TIN ASHTRAY,REVOLUTIONARY",52
RED ENAMEL FLOWER RING,52
PINK FEATHERS CURTAIN,52
NUMBER TILE COTTAGE GARDEN No,52
SHOE SHINE BOX ,51
HOUSE WRECKING METAL SIGN ,51
BLUE SQUARE COMPACT MIRROR,51
DOLLY CABINET 3 DRAWERS ,51
"LETTER ""L"" BLING KEY RING",51
NUMBER TILE COTTAGE GARDEN 7,51
BATHROOM SCALES FOOTPRINTS IN SAND,51
YELLOW SHARK HELICOPTER,51
MONEY BOX FIRST ADE DESIGN,51
WRAP GREEN RUSSIAN FOLKART ,50
LARGE APOTHECARY MEASURING JAR ,50
KEEP CALM BIRTHDAY WRAP,50
PAPER LANTERN 5 POINT SEQUIN STAR,50
WRAP A PRETTY THANK YOU,50
ENVELOPE 50 CURIOUS IMAGES,50
SET OF 36 SPACEBOY PAPER DOILIES,50
RED DAISY PAPER LAMPSHADE,50
HEN HOUSE W FAMILY IN BARN & NEST,49
RED RETROSPOT WASHBAG,49
YELLOW BREAKFAST CUP AND SAUCER,49
SMALL ZINC/GLASS CANDLEHOLDER,49
PEACH KNITTED HEN ,49
FLOWERS HANDBAG blue and orange,49
PACK OF 12 CHRISTMAS FUN CARDS,49
BEACH HUT MIRROR,49
SET 12 COLOUR PENCILS DOILEY,48
SILVER TEDDY BEAR,48
SET OF 12 ROSE BOTANICAL T-LIGHTS,48
OYSTER TRINKET BOX,48
ELVIS WALLHANGING / CURTAIN,48
MINITURE ANTIQUE ROSE HOOK IVORY,48
WHITE MOROCCAN METAL LANTERN,48
BLACK GRAND BAROQUE PHOTO FRAME,48
NEW BAROQUE JEWELLERY BOX ,48
BILI NUT AND WOOD NECKLACE,48
PURPLE ENAMEL FLOWER RING,47
DECORATIVE VINTAGE COFFEE  BOX,47
NUMBER TILE COTTAGE GARDEN 5,47
VINTAGE BEAD NOTEBOOK,47
MEDIUM PINK BUDDHA HEAD ,47
GOLD FISHING GNOME,47
FLAMES SUNGLASSES PINK LENSES,47
BLUE DRAGONFLY HELICOPTER,47
"LETTER ""K"" BLING KEY RING",47
CLEAR CRYSTAL STAR PHONE CHARM,47
ZINC HEART LATTICE CHARGER LARGE,46
RETRO PINK BALL ASHTRAY ,46
DAISY HAIR BAND,46
PINK/WHITE CHRISTMAS TREE 30CM,46
GREEN ENAMEL FLOWER RING,46
PINK HYDRANGEA ART FLOWER,46
WHITE STITCHED CUSHION COVER,46
ROSE DU SUD COSMETICS BAG,46
WAKE UP COCKEREL TILE HOOK,46
BAG OF SILVER STONES,46
FAIRY CAKE NOTEBOOK A5 SIZE,46
TOP SECRET PEN SET,46
IVORY EMBROIDERED QUILT ,46
YELLOW FLOWERS FELT HANDBAG KIT,45
CANDY SPOT HEART DECORATION,45
ANT COPPER LIME BOUDICCA BRACELET,45
ANT COPPER TURQ BOUDICCA BRACELET,45
BLUE TABLE RUN FLOWER,45
LA PALMIERA TILE HOOK,45
WHITE BAROQUE WALL CLOCK ,45
COSY SLIPPER SHOES SMALL  RED ,45
SILVER FISHING GNOME ,45
BLUE FLOWER DES PURSE,44
LARGE BLUE PROVENCAL CERAMIC BALL,44
RED RETRO KITCHEN WALL CLOCK,44
PINK HORSE SOCK PUPPET KIT,44
IVORY SCULPTED RND CANDLE ,44
TRIANGULAR POUFFE VINTAGE ,44
BLACK BAROQUE WALL CLOCK ,44
MONEY BOX FIRST AID DESIGN,43
CHARLIE AND LOLA CHARLOTTE BAG,43
SMALL HANGING GLASS+ZINC LANTERN,43
BLUE CHENILLE SHAGGY CUSHION COVER ,43
VINTAGE KITCHEN PRINT PUDDINGS,43
JARDIN ETCHED GLASS SMALL BELL JAR,43
WINE BOTTLE DRESSING DARK BLUE,43
SMALL PARLOUR FRAME,42
SET OF 72 GREEN PAPER DOILIES,42
SET OF 36 DOLLY GIRL PAPER DOILIES,42
12 HANGING EGGS HAND PAINTED,42
"LETTER ""E"" BLING KEY RING",41
GREEN CHRISTMAS TREE STRING 20LIGHT,41
CHERRY BLOSSOM CANVAS ART PICTURE,41
PURPLE SWEETHEART BRACELET,41
FREESTYLE CANVAS ART PICTURE,41
BATHROOM SCALES RUBBER DUCKS,41
T-LIGHT HOLDER SILVER SAUCER,41
RETRO BROWN BALL ASHTRAY ,41
12 PINK HEN+CHICKS IN BASKET,41
TURQ+RED BOUDICCA LARGE BRACELET,41
PINK/GREEN FLOWER DESIGN BIG MUG,40
CLEAR ACRYLIC FACETED BANGLE,40
S/2 ZINC HEART DESIGN PLANTERS,40
CAMOUFLAGE EAR MUFF HEADPHONES,40
CANDY SPOT CUSHION COVER,40
SPACE CADET BLACK,40
"LETTER ""S"" BLING KEY RING",40
"DECORATION HEN ON NEST, HANGING",39
PACK 3 BOXES CHRISTMAS PANETTONE,39
"LETTER ""D"" BLING KEY RING",39
SET OF 36 PANTRY PAPER DOILIES,39
MILK PAN PINK POLKADOT,39
CLEAR LOVE BIRD T-LIGHT HOLDER,38
BLUE CLIMBING HYDRANGA ART FLOWER,38
ELEPHANT CARNIVAL POUFFE,38
PINK AND BLACK STRING CURTAIN,38
WHITE CHRYSANTHEMUMS ART FLOWER,38
SCOTTIES CHILDRENS APRON,38
PINK FLOCK GLASS CANDLEHOLDER,38
JARDIN ETCHED GLASS LARGE BELL JAR,38
BLACK EAR MUFF HEADPHONES,37
TUSCAN VILLA DOVECOTE BIRD FEEDER,37
SOFT PINK ROSE TOWEL ,37
4 PINK FLOCK CHRISTMAS BALLS,37
FLAG OF ST GEORGE CHAIR,37
JOY LARGE WOOD LETTERS,37
FRENCH ENAMEL UTENSIL HOLDER,37
DOLLCRAFT GIRL AMELIE,36
FLORAL PINK MONSTER,36
HANGING RIDGE GLASS T-LIGHT HOLDER,36
CURIO CABINET LINEN AND LACE ,36
WAY OUT METAL SIGN ,36
KIDS CUTLERY SPACEBOY ,36
RUSTIC STRAWBERRY JAMPOT SMALL,36
DOORKNOB CERAMIC IVORY,36
CLEAR MILKSHAKE GLASS,36
KIDS CUTLERY DOLLY GIRL ,36
PERIWINKLE T-LIGHT HOLDER,36
PINK MARSHMALLOW SCARF KNITTING KIT,36
LIGHT PINK FLOCK GLASS CANDLEHOLDER,36
VEGETABLE MAGNETIC  SHOPPING LIST,36
RETO LEAVES MAGNETIC SHOPPING LIST,36
CANNABIS LEAF BEAD CURTAIN,36
RED SHARK HELICOPTER,35
CHRISTMAS MUSICAL ZINC HEART ,35
VINTAGE KITCHEN PRINT SEAFOOD,35
RUSTIC  SEVENTEEN DRAWER SIDEBOARD,35
SILVER STANDING GNOME   ,35
BLUE RETRO KITCHEN WALL CLOCK,35
WHITE/PINK CHICK EASTER DECORATION,35
VIP PASSPORT COVER ,35
"LETTER ""G"" BLING KEY RING",34
BEACH HUT DESIGN BLACKBOARD,34
CHRISTMAS TREE T-LIGHT HOLDER,34
GREEN WIRE STANDING CANDLE HOLDER,34
VINTAGE ROSE BEAD BRACELET RASPBERR,34
CHEST 7 DRAWER MA CAMPAGNE,34
BLUE TRAVEL FIRST AID KIT,34
PACK/12 XMAS FUN CARD,34
SILVER CHRISTMAS TREE BAUBLE STAND ,33
DOLLY CABINET 2 DRAWERS ,33
YELLOW/PINK FLOWER DESIGN BIG MUG,33
CAROUSEL PONIES BABY BIB,33
MEDINA STAMPED METAL STOOL,33
SET OF 12 MINI BUNNIES IN A BUCKET,33
CHERRY BLOSSOM LUGGAGE TAG,33
LARGE  TALL CAMPHOR WOOD TOADSTOOL ,33
SMALL SINGLE FLAME CANDLE HOLDER,33
VINTAGE KEEPSAKE BOX PARIS DAYS,33
BLUE ROSE PATCH PURSE PINK BUTTERFL,32
FLOOR LAMP SHADE WOOD BASE,32
FLORAL SOFT CAR TOY,32
BLUE HANGING GINGHAM EASTER HEN,32
RED POLKADOT PUDDING BOWL,32
CRYSTAL DIAMANTE EXPANDABLE RING,32
SET OF 3 MINI HANGING PORTRAITS,32
GOLD EAR MUFF HEADPHONES,32
VINTAGE SHELLS PRINT,32
PINK HANGING GINGHAM EASTER HEN,32
PINK BOUDICCA LARGE BRACELET,32
BEST DAD CANDLE LETTERS,31
CROCHET WHITE RABBIT KEYRING ,31
BLUE DISCO HANDBAG,31
STRIPES DESIGN MONKEY DOLL,31
TRANSPARENT ACRYLIC TAPE DISPENSER,31
PURPLE BOUDICCA LARGE BRACELET,31
BLUE/YELLOW FLOWER DESIGN BIG MUG,31
STEEL SWEETHEART ROUND TABLE CREAM,31
ANT COPPER PINK BOUDICCA BRACELET,31
"ACRYLIC JEWEL ICICLE, BLUE",31
CORDIAL GLASS JUG,31
GREEN MURANO TWIST BRACELET,31
ALUMINIUM HEART,30
CREAM CLIMBING HYDRANGA ART FLOWER,30
CHRISTMAS CRAFT HEART STOCKING ,30
FOLDING CAMPING SCISSOR W/KNIF & S,30
VINTAGE ROSE BEAD BRACELET BLACK,30
VANILLA INCENSE 40 CONES IN TIN,29
PINK JEWELLED MIRROR TRINKET TRAY,29
ASS COL SMALL SAND GECKO P'WEIGHT,29
BLUE CUSHION COVER WITH FLOWER,29
MOUSEY LONG LEGS SOFT TOY,29
KITCHEN FLOWER POTS WALL PLAQUE,29
PASTEL BLUE PHOTO ALBUM ,29
BLUE POLKADOT PUDDING BOWL,29
COLUMBIAN CUBE CANDLE,28
ANTIQUE CREAM CUTLERY SHELF ,28
"LETTER ""P"" BLING KEY RING",28
EASTER BUNNY WREATH,28
YELLOW PINK FLOWER DESIGN BIG BOWL,28
75 GREEN FAIRY CAKE CASES,28
MILK BOTTLE WITH GLASS STOPPER ,28
PINK STRING CURTAIN WITH POLE,28
PINK CLEAR GLASS CANDLE PLATE,28
FOLK FELT HANGING MULTICOL GARLAND,28
ROUND ARTICULATED PINK CLOCK W/SUCK,28
WHITE  ROSEBUD PEARL BRACELET,28
NECKLACE+BRACELET PINK BUTTERFLY,28
FUSCHIA TABLE RUN FLOWER ,27
SET OF 36 VINTAGE CHRISTMAS DOILIES,27
"LETTER ""M"" BLING KEY RING",27
CANDY SPOT TEA COSY,27
ASS COL LARGE SAND FROG P'WEIGHT,27
FOLKART CHRISTMAS TREE T-LIGHT HOLD,27
36 PENCILS TUBE POSY,27
LARGE PARLOUR FRAME,27
ANT SILVER LIME GREEN BOUDICCA RING,27
DIAMANTE BOW BROOCH RED COLOUR,27
"PET MUG, GOLDFISH",27
NEW BAROQUE BLACK PHOTO ALBUM,26
THE KING GIFT BAG 25x24x12cm,26
LILAC DIAMANTE PEN IN GIFT BOX,26
VINTAGE BLUE KITCHEN CABINET,26
GREY ACRYLIC FACETED BANGLE,26
PAPER LANTERN 6 POINT SNOW STAR,26
GREEN EASTER EGG HUNT START POST,26
CREAM BUNNY EASTER EGG BASKET,25
HANGING BAUBLE T-LIGHT HOLDER LARGE,25
"S/4 ICON COASTER,ELVIS LIVES",25
FLAG OF ST GEORGE CAR FLAG,25
"STRING OF 8 BUTTERFLIES,PINK",25
SET OF 4 GREEN CAROUSEL COASTERS,25
"LETTER ""I"" BLING KEY RING",25
WRAP  PINK FLOCK,25
HOME SWEEET HOME 3 PEG HANGER ,25
WRAP BLUE RUSSIAN FOLKART,25
NEWSPAPER STAND,25
ROSE DU SUD WASHBAG ,25
VINTAGE NOTEBOOK TRAVELOGUE,25
SET/9 CHRISTMAS T-LIGHTS SCENTED ,25
ZINC WIRE KITCHEN ORGANISER,25
PEACE SMALL WOOD LETTERS,25
PINK CRYSTAL SKULL PHONE CHARM,25
FRENCH CHATEAU SMALL FRUITBOWL,24
72 CAKE CASES VINTAGE CHRISTMAS,24
CHILDRENS SPACEBOY MUG,24
SUNSET COLOUR CHUNKY KNITTED THROW,24
LEAVES MAGNETIC  SHOPPING LIST,24
CRYSTAL STILETTO PHONE CHARM,24
"GREETING CARD, TWO SISTERS.",24
WISE MAN STAR SHAPE EGG PAN,24
JAM JAR WITH BLUE LID,24
MIRRORED WALL ART PHOTO FRAMES,24
LARGE CAMPHOR WOOD FIELD MUSHROOM ,24
BLUE MONTE CARLO HANDBAG,24
S/3 POT POURI CUSHIONS BLUE COLOURS,24
3 BLACK CATS W HEARTS BLANK CARD,24
ENAMEL BOWL PANTRY,24
CHEST NATURAL WOOD 20 DRAWERS,24
SILVER  CANDLEPOT JARDIN ,24
WHITE CHRISTMAS FLOCK DROPLET ,24
BLACK CHRISTMAS FLOCK DROPLET ,24
BISCUIT TIN VINTAGE LEAF,24
ZINC T-LIGHT HOLDER STARS LARGE,24
PINK FLUFFY CHRISTMAS DECORATION,24
METAL HERB GERDEN CONTAINER,24
BIRTHDAY BANNER TAPE,24
LILAC GAUZE BUTTERFLY LAMPSHADE,24
PINK SMALL GLASS CAKE STAND,24
GIFT BAG LARGE 50'S CHRISTMAS,24
"LETTER ""J"" BLING KEY RING",23
FRENCH STYLE EMBOSSED HEART CABINET,23
"FOLK ART GREETING CARD,pack/12",23
VINTAGE ZINC PLANTER  ,23
FLAG OF ST GEORGE ,23
GREEN/BLUE FLOWER DESIGN BIG MUG,23
JADE DROP EARRINGS W FILIGREE,23
YELLOW POT PLANT CANDLE,23
MEDIUM PARLOUR FRAME ,22
SWEETHEART CREAM STEEL TABLE RECT,22
AMBER DIAMANTE EXPANDABLE RING,22
SILVER LARIAT 40CM,22
DOUBLE CERAMIC PARLOUR HOOK,22
MODERN VINTAGE COTTON SHOPPING BAG,22
WHITE HYDRANGEA ART FLOWER,22
HAND PAINTED HANGING EASTER EGG,22
PACK/12 BLUE FOLKART CARDS,22
CUTE BIRD CEATURE SCREEN,22
"LETTER ""H"" BLING KEY RING",22
BIRD BOX CHRISTMAS TREE DECORATION,22
FLORAL BATHROOM SET,21
CHUNKY SILVER NECKLACE PASTEL FLOWE,21
RED BOUDICCA LARGE BRACELET,21
SILVER HOOP EARRINGS WITH FLOWER,21
DIAMANTE BOW BROOCH GREEN COLOUR,21
AMETHYST CHUNKY BEAD BRACELET W STR,21
WALL ART BICYCLE SAFTEY ,21
ZINC HEART LATTICE CHARGER SMALL,21
TURQUOISE GLASS TASSLE BAG CHARM ,21
BEACH HUT KEY CABINET,21
PINK FLOWERS RABBIT EASTER,21
BLACK DIAMANTE EXPANDABLE RING,21
PINK BREAKFAST CUP AND SAUCER ,21
PINK OVAL JEWELLED MIRROR,20
HILDA CANDY SPOT RABBIT,20
AMBER DROP EARRINGS W LONG BEADS,20
BLUE SWEETHEART BRACELET,20
BLUE MURANO TWIST BRACELET,20
MULTICOLOUR EASTER RABBIT ,20
WHITE 3 FRAME BIRDS AND TREE ,20
ENGLISH ROSE METAL WASTE BIN,20
CARNIVAL BRACELET,20
YELLOW FELT HANGING HEART W FLOWER,20
NECKLACE+BRACELET SET BLUE HIBISCUS,20
GREEN GEISHA GIRL ,20
PURPLE/COPPER HANGING LAMPSHADE,20
BLUE GEISHA GIRL ,20
VINTAGE KEEPSAKE BOX TRAVELOGUE,20
ZINC HEART LATTICE 2 WALL PLANTER,19
BLACK MEDIUM GLASS CAKE STAND,19
LITTLE GREEN MONSTER SOFT TOY,19
PINK JEWELLED PHOTO FRAME,19
PINK ROSEBUD PEARL BRACELET,19
TUSCAN VILLA BIRD TABLE ,19
TOAST ITS - DINOSAUR,19
SCHOOL DESK AND CHAIR ,19
SILVER BRACELET W PASTEL FLOWER,19
LADLE LOVE HEART PINK,19
GOLD PRINT PAPER BAG,19
AQUA BERTIE GLASS BEAD BAG CHARM,19
GREEN PEONY CUSHION COVER,19
WHITE TISSUE REAM,19
IVORY SHELL HEART NECKLACE,19
SMALL KITCHEN FLOWER POTS PLAQUE,19
CRYSTAL CZECH CROSS PHONE CHARM,19
WOVEN ROSE GARDEN CUSHION COVER ,19
SILVER M.O.P ORBIT BRACELET,18
LARGE ZINC GLASS CANDLEHOLDER,18
PINK CHRYSANTHEMUMS ART FLOWER,18
"LETTER ""N"" BLING KEY RING",18
FOLDING MIRROR IVORY ,18
FOLDING MIRROR RED  ,18
PAPER LANTERN 9 POINT HOLLY STAR 23,18
GLITTER SNOW PEAR TREE DECORATION,18
SILICON STAR BULB  BLUE,18
CRYSTAL PAIR HEART HAIR SLIDES,18
SILVER M.O.P ORBIT DROP EARRINGS,17
POLYESTER FILLER PAD 65CMx65CM,17
THE KING GIFT BAG,17
DROP DIAMANTE EARRINGS PURPLE,17
ARMY CAMO BOOKCOVER TAPE,17
CONDIMENT TRAY 4 BOWLS AND 4 SPOONS,17
BLUE CHECK BAG W HANDLE 34X20CM,17
PAIR OF ENAMEL BUTTERFLY HAIRCLIP,17
SILVER LATTICE VANILLA CANDLE POT,17
BLACK BAROQUE CARRIAGE CLOCK,17
5 STRAND GLASS NECKLACE CRYSTAL,17
RED PEONY CUSHION COVER ,17
PINK BUTTERFLY CUSHION COVER,17
PINK/FLOWER RABBIT EGG WARMER ,17
FRUIT TREE AND BIRDS WALL PLAQUE,17
GREEN GLASS TASSLE BAG CHARM,17
TURQUOISE CRYSTAL+GLASS BRACELET,17
HOLLY TOP CHRISTMAS STOCKING,17
LARGE MINT DIAMANTE HAIRSLIDE,16
VINTAGE ZINC WATERING CAN SMALL,16
VINTAGE BEAD COSMETIC BAG ,16
"BATHROOM SCALES, TROPICAL BEACH",16
RED PEONY TABLE CLOCK,16
LITTLE PINK MONSTER SOFT TOY,16
SET OF 6 ICE CREAM SKITTLES,16
CHRISTMAS TABLE CANDLE SILVER SPIKE,16
BLACK SIL'T SQU CANDLE PLATE ,16
DOTCOM POSTAGE,16
GOLDIE LOOKING MIRROR,16
FRUIT SALAD BAG CHARM,16
SPOTS ON RED BOOKCOVER TAPE,16
PURPLE GEMSTONE BRACELET,16
PAIR BUTTERFLY HAIR CLIPS,16
KNITTED RABBIT DOLL ,16
BUTTERFLY HAIR BAND,16
ELEPHANT CLIP W SUCTION CUP,16
MIDNIGHT BLUE VINTAGE EARRINGS,16
ROMANTIC IMAGES SCRAP BOOK SET,16
WHITE WIRE PLANT POT HOLDER,16
GREEN METAL BOX TOP SECRET,16
RED GLASS TASSLE BAG CHARM,16
COLOURFUL FLOWER FRUIT BOWL,16
FLOWER PURPLE CLOCK WITH SUCKER,16
TUSCAN VILLA BIRD FEEDER,16
SMALL JEWELLERY STAND,16
YELLOW/BLUE RETRO RADIO,16
PINK GAUZE BUTTERFLY LAMPSHADE,15
WOVEN BERRIES CUSHION COVER ,15
CROCHET BEAR RED/BLUE  KEYRING,15
ROSE DU SUD CUSHION COVER ,15
WHITE FRANGIPANI NECKLACE,15
LA PALMIERA WALL THERMOMETER,15
WHITE ALLIUM  ARTIFICIAL FLOWER,15
MIRRORED WALL ART FOXY,15
BLACK PHOTO ALBUM ,15
FRENCH CHATEAU OVAL PLATTER,15
"LETTER ""R"" BLING KEY RING",15
PINK OVAL SHAPE TRINKET BOX,15
YELLOW DRAGONFLY HELICOPTER,15
LILY BROOCH AMETHYST COLOUR,15
FROG SOCK PUPPET,15
GARDEN PATH NOTEBOOK ,15
PINK FOXGLOVE ARTIIFCIAL FLOWER,14
FIRE POLISHED GLASS BRACELET GREEN,14
MOROCCAN BEATEN METAL DISH,14
BLUE WHITE PLASTIC RINGS LAMPSHADE,14
SILVER OVAL SHAPE TRINKET BOX,14
FUSCHIA RETRO BAR STOOL,14
SILVER/M.O.P PENDANT ORBIT NECKLACE,14
OLD DOC RUSSEL METAL SIGN,14
PINK FELT EASTER EGG BASKET,14
"LETTER ""V"" BLING KEY RING",14
MOROCCAN BEATEN METAL MIRROR,14
ST TROPEZ NECKLACE,14
PACKING CHARGE,14
WOVEN BUBBLE GUM CUSHION COVER,14
WINE BOTTLE DRESSING LT.BLUE,14
WOVEN CANDY CUSHION COVER ,14
ANT SILVER FUSCHIA BOUDICCA RING,14
ANTIQUE CREAM CUTLERY CUPBOARD,14
PINK & WHITE ROSEBUD RING,14
PINK DOG CANNISTER,14
"RETRO ""TEA FOR ONE"" ",14
HEN HOUSE WITH CHICK STANDING,14
CANDY SPOT BUNNY,14
PINK HAWAIIAN PICNIC HAMPER FOR 2,14
HELLO SAILOR BATHROOM SET,14
PINK HEART OF GLASS BRACELET,14
VINTAGE BEAD PINK SHADE ,13
VINTAGE ENAMEL & CRYSTAL EARRINGS,13
AMETHYST DIAMANTE EXPANDABLE RING,13
DROP DIAMANTE EARRINGS CRYSTAL,13
BUTTONS AND STRIPES NOTEBOOK ,13
"LETTER ""F"" BLING KEY RING",13
PLAYING CARDS VINTAGE DOILEY ,13
PINK STRAWBERRY HANDBAG ,13
"LETTER ""B"" BLING KEY RING",13
ROSE DU SUD DRAWSTRING BAG,13
GREEN HEART OF GLASS BRACELET,13
ORIENTAL RED CUSHION COVER ,13
BLUE HOLE PUNCH,13
ROSE DU SUD CUSHION COVER,13
FINE SILVER NECKLACE W PASTEL FLOWE,13
CRYSTAL DIAMANTE STAR BROOCH,13
A4 WALL TIDY RED FLOWERS,13
HAPPY BIRTHDAY CARD STRIPEY TEDDY,13
SPACEBOY MINI RUCKSACK,13
CONGRATULATIONS BUNTING,13
BLACK+WHITE NECKLACE W TASSEL,13
NECKLACE+BRACELET SET FRUIT SALAD ,13
DANISH ROSE BEDSIDE CABINET,13
TURQ ICE CREAM BUM BAG ,13
ACRYLIC GEOMETRIC LAMP,12
PINK FLOCK SUEDE CUSHION COVER ,12
TUSCAN VILLA DOVECOTE,12
BLUE ORGANDY ROUND LAMPSHADE W BEA,12
ENAMEL DINNER PLATE PANTRY,12
FOLKART ZINC STAR CHRISTMAS DEC,12
GOLD TEDDY BEAR,12
MIDNIGHT BLUE PAIR HEART HAIR SLIDE,12
ENAMEL MUG PANTRY,12
PAINTED HEART WREATH WITH BELL,12
MULTICOLOUR POLKADOT PLATE,12
WOVEN SUNSET CUSHION COVER ,12
PINK FLOCK PHOTO FRAME ,12
CANNISTER VINTAGE LEAF DESIGN,12
BAKING MOULD CUPCAKE CHOCOLATE,12
"GARLAND, MAGIC GARDEN 1.8M",12
BLACK DROP CRYSTAL NECKLACE,12
PINK ROUND COMPACT MIRROR,12
3 PINK HEN+CHICKS IN BASKET,12
PINK BUTTERFLY CUSHION COVER ,12
BELL HEART ANTIQUE GOLD,12
TUSCAN VILLA FEEDING STATION,12
PINK BOUDOIR T-LIGHT HOLDER,12
PINK PARTY SUNGLASSES,12
"LETTER ""O"" BLING KEY RING",12
"LETTER ""T"" BLING KEY RING",12
PINK ENAMEL FLOWER HAIR TIE,12
DOTCOMGIFTSHOP TEA TOWEL,12
PINK SMALL JEWELLED PHOTOFRAME,12
"LETTER ""U"" BLING KEY RING",12
CRYSTAL HOOP EARRING FLORAL LEAF,12
YULETIDE IMAGES S/6 PAPER BOXES,12
SET OF 3 CONEY ISLAND OVAL BOXES,12
SILVER LARIAT BLACK STONE EARRINGS,12
BAKING MOULD CHOCOLATE CUP CAKES,12
DOORKNOB CRACKED GLAZE GREEN,12
"LETTER ""W"" BLING KEY RING",12
DOORKNOB CRACKED GLAZE PINK,12
IVY HEART WREATH,12
Bank Charges,12
GREEN POP ART MAO CUSHION COVER ,12
"LETTER ""Z"" BLING KEY RING",12
VINTAGE ZINC WATERING CAN,12
PINK ACRYLIC JEWEL SNOWFLAKE,12
SET OF 6 EASTER RAINBOW CHICKS,12
I LOVE LONDON WALL ART,12
LILAC FEATHERS CURTAIN,12
SILVER ROCCOCO CHANDELIER,11
RASPBERRY ANT COPPER FLOWER NECKLAC,11
CUPID SCENTED CANDLE IN GLASS,11
GREEN VINTAGE EARRINGS ,11
CREAM AND PINK FLOWERS PONY ,11
LILY BROOCH OLIVE COLOUR,11
CUTE RABBIT CEATURE SCREEN ,11
BIRD ON BRANCH CANVAS SCREEN,11
HANGING HEART BASKET,11
BLUE WIRE SPIRAL CANDLE HOLDER,11
BLACK CHUNKY BEAD BRACELET W STRAP,11
VINTAGE POST OFFICE CABINET,11
GLASS SONGBIRD STORAGE JAR,11
METAL BASE FOR CANDLES,11
PINK B'FLY C/COVER W BOBBLES,11
FIRST CLASS HOLIDAY PURSE ,11
"FLOWER GLASS GARLAND NECKL.36""BLACK",11
BLACK VINTAGE  CRYSTAL EARRINGS,11
WHITE VINT ART DECO CRYSTAL NECKLAC,11
MOROCCAN BEATEN METAL DISH LARGE,11
"SILICON CUBE 25W, BLUE",11
WOVEN FROST CUSHION COVER,11
DIAMANTE HAIR GRIP PACK/2 RUBY,10
WOODEN BOX ADVENT CALENDAR ,10
FLOWER BURST SILVER RING CRYSTAL,10
PSYCHEDELIC METAL SIGN CALENDAR,10
GREEN CAT FLORAL CUSHION COVER ,10
PAIR OF PINK FLOWER CLUSTER SLIDE,10
WOOD AND GLASS MEDICINE CABINET,10
ANT SILVER PURPLE BOUDICCA RING,10
PAPER LANTERN 5 POINT STAR MOON 30,10
ZINC TOP  2 DOOR WOODEN SHELF ,10
REGENCY MIRROR WITH SHUTTERS,10
AMBER GLASS/SILVER BRACELET,10
PINK VINTAGE VICTORIAN EARRINGS,10
RUBY DROP CHANDELIER EARRINGS,10
LARGE JEWELLERY STAND,10
BLUE TEATIME PRINT BOWL ,10
15 PINK FLUFFY CHICKS IN BOX,10
PINK PAISLEY CUSHION COVER ,10
FRENCH CHATEAU LARGE FRUIT BOWL ,10
BEADED LOVE HEART JEWELLERY SET,10
DECROTIVEVINTAGE COFFEE GRINDER BOX,10
WHITE FRANGIPANI HAIR CLIP,10
SILVER BOOK MARK WITH BEADS,10
WHITE GLASS CHUNKY CHARM BRACELET,9
HANGING BUTTERFLY  EGG,9
ANT COPPER RED BOUDICCA BRACELET,9
DIAMANTE HAIR GRIP PACK/2 LT ROSE,9
TURQ STONE/CRYSTAL EARRINGS,9
BLUE POLKADOT PURSE ,9
BLUE STRIPES SHOULDER BAG,9
ZINC HEART LATTICE TRAY OVAL ,9
BLUE EASTER EGG HUNT START POST,9
BLUE CRUSOE CHECK LAMPSHADE,9
DIAMANTE HAIR GRIP PACK/2 BLACK DIA,9
GREEN  DIAMANTE PEN IN GIFT BOX,9
MOP PENDANT SHELL NECKLACE,9
POCKET MIRROR WOODLAND,9
GOLD/M.O.P PENDANT ORBIT NECKLACE,9
DUSTY PINK CHRISTMAS TREE 60CM,9
TEAL/FUSCHIA COL BEAD NECKLACE,9
ASSTD RASTA KEY-CHAINS,9
FROG KING WATERING CAN,9
BLUE GLASS CHUNKY CHARM BRACELET,9
TURQUOISE HEART OF GLASS BRACELET,8
HOT WATER BOTTLE BABUSHKA LARGE,8
BLUE NETTING STORAGE HANGER,8
SILVER/NATURAL SHELL NECKLACE,8
ENAMEL BLUE RIM TEA CONTAINER,8
GOLD WASHBAG,8
NECKLACE+BRACELET SET BLUE BLOSSOM,8
PURPLE GEMSTONE NECKLACE 45CM,8
AMBER CHUNKY BEAD BRACELET W STRAP,8
WHITE VINTAGE CRYSTAL BRACELET,8
DIAMANTE BOW BROOCH BLACK COLOUR,8
RABBIT EASTER DECORATION,8
GREEN/BLUE CERAMIC CANDLE HOLDER,8
FILIGREE DIAMANTE EARRINGS,8
GREEN PAIR HEART HAIR SLIDES,8
DIAMANTE HAIR GRIP PACK/2 MONTANA,8
ENAMEL JUG PANTRY,8
PAPER LANTERN 5 POINT STUDDED STAR,8
BLACK VINT ART DEC CRYSTAL NECKLACE,8
PURPLE FRANGIPANI NECKLACE,8
EDWARDIAN DROP EARRINGS JET BLACK,8
VINTAGE PHOTO ALBUM PARIS DAYS,8
MIDNIGHT BLUE DROP CRYSTAL NECKLACE,8
RUBY GLASS CLUSTER BRACELET,8
GOLD FLOWER CUSHION COVER ,8
"WALL ART , LOVES' SECRET ",8
GOLD M.O.P ORBIT DROP EARRINGS,8
GOLD M PEARL  ORBIT NECKLACE,8
"WALL ART ,PUDDINGS ",8
AMBER GLASS TASSLE BAG CHARM,8
SILVER M.O.P. ORBIT NECKLACE,8
VIP HOLIDAY PURSE,8
PINK CHRISTMAS FLOCK DROPLET ,8
CAKE STAND VICTORIAN FILIGREE LARGE,8
DOLLY GIRL MINI RUCKSACK,8
BUTTERFLY CUSHION COVER,8
CHAMPAGNE TRAY BLANK CARD,8
SILVER/MOP ORBIT NECKLACE,8
PINK BUTTERFLY WASHBAG,8
BLACK CHERRY LIGHTS,8
BLUE TILED TRAY,8
PINK GREEN EMBROIDERY COSMETIC BAG,8
PINK HEART DOTS HOT WATER BOTTLE,8
LONG SILVER NECKLACE PASTEL FLOWER,8
PINK CRYSTAL+GLASS BRACELET,8
5 STRAND GLASS NECKLACE BLACK,8
ZINC STAR T-LIGHT HOLDER ,8
ZINC PLANT POT HOLDER,8
HEART BUTTONS JEWELLERY BOX,7
RED PURSE WITH PINK HEART,7
RASTA IN BATH W SPLIFF ASHTRAY,7
RECIPE BOX WITH METAL HEART,7
RIVIERA NECKLACE,7
MURANO STYLE GLASS BRACELET GOLD,7
CREAM SWEETHEART WALL CABINET,7
BLACK/WHITE GLASS/SILVER BRACELET,7
"LARGE CAKE TOWEL, CHOCOLATE SPOTS",7
PURPLE FOXGLOVE ARTIIFCIAL FLOWER,7
MIDNIGHT BLUE GLASS/SILVER BRACELET,7
DROP DIAMANTE EARRINGS BLACK DIAMON,7
DIAMANTE NECKLACE PURPLE,7
PASTEL PINK PHOTO ALBUM ,7
MAXWELL 2 TONE BLUE 60 PAGE PHOTO A,7
WHITE ENAMEL FLOWER HAIR TIE,7
SET/4 GARDEN ROSE DINNER CANDLE,7
BLACK CRYSTAL DROP EARRINGS,7
BLACK FLOWER CANDLE PLATE,7
GREEN ENAMEL FLOWER HAIR TIE,7
GREEN MURANO TWIST NECKLACE,7
"FLOWER GLASS GARLD NECKL36""AMETHYST",7
WHITE VINTAGE CRYSTAL EARRINGS,7
SILVER DROP EARRINGS WITH FLOWER,7
PINK GLASS TASSLE BAG CHARM ,7
CORDIAL JUG,6
MURANO STYLE GLASS BRACELET RED,6
ANT SILVER TURQUOISE BOUDICCA RING,6
CLASSICAL ROSE TABLE LAMP,6
DECORATIVE HANGING SHELVING UNIT,6
COPPER/OLIVE GREEN FLOWER NECKLACE,6
"FLOWER GLASS GARLAND NECKL.36""BLUE",6
FLOWER GARLAND NECKLACE RED,6
AMBER CHUNKY GLASS+BEAD NECKLACE,6
ORANGE/WHT/FUSCHIA STONES NECKLACE,6
IVORY PENDANT TRIPLE SHELL NECKLACE,6
INCENSE BAZAAR PEACH,6
RESIN NECKLACE W PASTEL BEADS,6
LIGHTHOUSE PRINTED METAL SIGN,6
TROPICAL HOLIDAY PURSE ,6
PINK DAISY BAG CHARM,6
DAISY HAIR COMB,6
CRACKED GLAZE NECKLACE IVORY,6
CRACKED GLAZE NECKLACE RED,6
DIAMANTE HAIR GRIP PACK/2 CRYSTAL,6
PINK NEW BAROQUE FLOCK CANDLESTICK,6
PINK MURANO TWIST NECKLACE,6
SET OF 4 KNICK KNACK TINS  DOILEY ,6
DIAMANTE HAIR GRIP PACK/2 PERIDOT,6
DROP DIAMANTE EARRINGS GREEN,6
CHALKBOARD KITCHEN ORGANISER,6
BIG POLKADOT MUG,6
GLASS AND BEADS BRACELET IVORY,6
GLASS AND PAINTED BEADS BRACELET TO,6
GLASS AND PAINTED BEADS BRACELET OL,6
FIRE POLISHED GLASS BRACELET MONTAN,6
FIRE POLISHED GLASS BRACELET RED,6
BAKING MOULD TOFFEE CUP  CHOCOLATE,6
SILVER BLACK ORBIT DROP EARRINGS,6
ENVELOPE 50 ROMANTIC IMAGES,6
BLUE FELT HANGING HEART WITH FLOWER,6
STORAGE TIN VINTAGE DOILEY ,6
BLUE FLOCK CUSHION COVER ,6
ROSE COLOUR PAIR HEART HAIR SLIDES,6
MONTANA DIAMOND CLUSTER EARRINGS,6
BLACK 3 BEAD DROP EARRINGS,6
PURPLE GLASS TASSLE BAG CHARM,6
CLASSIC DIAMANTE EARRINGS JET,6
PINK CHERRY BLOSSOM CUP & SAUCER,6
CLEAR STATIONERY BOX SET ,6
GOLD/AMBER DROP EARRINGS W LEAF,6
PURPLE LAS VEGAS BRACELET ROUND,6
PINK CAT FLORAL CUSHION COVER ,6
CHERRY BLOSSOM TABLE CLOCK ,6
2 DAISIES HAIR COMB,6
TINY CRYSTAL BRACELET GREEN,6
PAPER LANTERN 9 POINT HOLLY STAR 40,6
LADLE LOVE HEART RED ,6
"WALL ART,ONLY ONE PERSON ",6
PURPLE ENAMEL FLOWER HAIR TIE,6
LARGE CRYSTAL DIAMANTE HAIRSLIDE,6
GOLD DIAMANTE STAR BROOCH,6
ROUND CACTUS CANDLE,6
EIGHT PIECE CREEPY CRAWLIE SET,6
BLING KEY RING STAND,6
VINTAGE WOODEN BAR STOOL,6
SILVER/CRYSTAL DROP EARRINGS W LEAF,6
FLOWER FAIRY 5 SUMMER DRAW LINERS,6
"ACRYLIC JEWEL SNOWFLAKE,PINK",6
FLORAL BLUE MONSTER,5
CROCHET ROSE DES CLOTHES HANGER,5
HEARTS WRAPPING TAPE ,5
HEART SHAPED MIRROR,5
TURQUOISE CHRISTMAS TREE ,5
"POCKET MIRROR ""GLAMOROUS""",5
DIAMOND LAS VEGAS NECKLACE 45CM,5
UBO-LIGHT TRIOBASE PURPLE,5
ANTIQUE OLIVE GREEN FLOWER EARRINGS,5
CAT WITH SUNGLASSES BLANK CARD,5
FLOWER PURPLE CLOCK W/SUCKER,5
GIRLY PINK TOOL SET,5
VINTAGE ENAMEL & CRYSTAL NECKLACE,5
PINK YELLOW PATCH CUSHION COVER,5
PINK TALL PORCELAIN T-LIGHT HOLDER ,5
CLAM SHELL LARGE,5
AMETHYST HOOP EARRING FLORAL LEAF,5
SILVER LOOKING MIRROR,5
SILVER/AMETHYST DROP EARRINGS LEAF,5
HAPPY BIRTHDAY CARD TEDDY/CAKE,5
WOODLAND MINI RUCKSACK ,5
DAIRY MAID  PUDDING BOWL,5
IVORY GOLD METAL BAG CHARM,5
NEW BAROQUE B'FLY NECKLACE RED,4
ECONOMY HOLIDAY PURSE,4
BLUE BREAKFAST CUP AND SAUCER ,4
"BREAD BIN, DINER STYLE, MINT",4
"PEARL & SHELL 42""NECKL. GREEN",4
BLACK GEMSTONE NECKLACE 45CM,4
LARGE BLACK DIAMANTE HAIRSLIDE,4
BLUE MURANO TWIST NECKLACE,4
ORANGE FLOWER MUG ,4
PINK CHERRY LIGHTS,4
PINK ROSEBUD & PEARL NECKLACE,4
VINTAGE KEEPSAKE BOX PINK FLOWER,4
PINK/AMETHYST/GOLD NECKLACE,4
SILVER BLACK ORBIT BRACELET,4
GREEN PENDANT TRIPLE SHELL NECKLACE,4
ROSE FLOWER CANDLE+INCENSE 16X16CM,4
"BREAD BIN, DINER STYLE, IVORY",4
UBO-LIGHT TRIOBASE BLUE,4
JET BLACK LAS VEGAS NECKLACE 45CM,4
BLUE/YELLOW CERAMIC CANDLE HOLDER,4
GREEN DROP EARRINGS W BEAD CLUSTER,4
"FLOWER GLASS GARLD NECKL36""TURQUOIS",4
"FLOWER GLASS GARLAND NECKL.36""GREEN",4
PINK PAINTED KASHMIRI CHAIR,4
ANTIQUE MID BLUE FLOWER EARRINGS,4
ENGLISH ROSE SCENTED HANGING HEART,4
PURPLE ANEMONE ARTIFICIAL FLOWER,4
GLASS BEAD HOOP EARRINGS AMETHYST,4
PINK HEART RED HANDBAG,4
16 PC CUTLERY SET PANTRY DESIGN,4
TURQ PENDANT TRIPLE SHELL NECKLACE,4
GLASS BEAD HOOP EARRINGS BLACK,4
High Resolution Image,4
GLASS BELL JAR SMALL,4
UNION JACK HOT WATER BOTTLE ,4
MURANO STYLE GLASS BRACELET BLACK,4
WHITE/PINK MINI CRYSTALS NECKLACE,4
COPPER AND BRASS BAG CHARM,4
VINTAGE BEAD PINK JEWEL BOX,4
RESIN BRACELET W PASTEL BEADS,3
PINK EASTER HENS+FLOWER,3
MIDNIGHT BLUE COPPER FLOWER NECKLAC,3
PALE PINK/AMETHYST STONE NECKLACE,3
VINTAGE NOTEBOOK BEAUTY GIRL,3
FOLDING SHOE TIDY,3
"FOOD COVER WITH BEADS , SET 2 SIZES",3
WHITE BEADED GARLAND STRING 20LIGHT,3
PURPLE AMETHYST NECKLACE W TASSEL,3
WHITE HEART OF GLASS BRACELET,3
QUEEN OF THE SKIES HOLIDAY PURSE ,3
NEW BAROQUE SMALL NECKLACE BLACK,3
GREEN WITH METAL BAG CHARM,3
BLUE PAINTED KASHMIRI CHAIR,3
ROBOT MUG IN DISPLAY BOX,3
GINGHAM OVEN GLOVE RED HEART ,3
GLASS BEAD HOOP NECKLACE GREEN,3
GLASS BEAD HOOP NECKLACE AMETHYST,3
BLUE GREEN EMBROIDERY COSMETIC BAG,3
AMBER FINE BEAD NECKLACE W TASSEL,3
"RUSTIC WOODEN CABINET, GLASS DOORS",3
S/2 BEACH HUT TREASURE CHESTS,3
DIAMANTE NECKLACE GREEN,3
DROP EARRINGS W FLOWER & LEAF,3
TEATIME FUNKY FLOWER BACKPACK FOR 2,3
ASSORTED COLOUR SILK GLASSES CASE,3
NEW BAROQUE BLACK BOXES,3
SILVER/NAT SHELL NECKLACE W PENDANT,3
CRYSTAL CHANDELIER T-LIGHT HOLDER,3
FRESHWATER PEARL BRACELET GOLD,3
ORANGE PENDANT TRIPLE SHELL NECKLAC,3
RED ROSE AND LACE C/COVER,3
TIGRIS EYE CHUNKY CHARM BRACELET,3
SWEETHEART CARRY-ALL BASKET,3
COTE D'AZURE NECKLACE,3
CURIOUS IMAGES SCRAP BOOK SET,3
RED WHITE SCARF  HOT WATER BOTTLE,3
FIRE POLISHED GLASS NECKL BRONZE,3
ROBIN CHRISTMAS CARD,3
SILVER/BLACK ORBIT NECKLACE,3
VINTAGE GLASS TEA CADDY,3
BLACK GLASS BRACELET W HEART CHARMS,3
JET BLACK LAS VEGAS BRACELET ROUND,3
ROSE PENDANT TRIPLE SHELL NECKLACE,3
PADS TO MATCH ALL CUSHIONS,3
BLACK GEMSTONE BRACELET,3
WHITE WITH METAL BAG CHARM,3
NEW BAROQUE B'FLY NECKLACE GREEN,2
GLASS BEAD HOOP NECKLACE MONTANA,2
5 STRAND GLASS NECKLACE AMBER,2
WHITE MURANO TWIST BRACELET,2
SILVER 2 STRAND NECKLACE-LEAF CHARM,2
ROCOCO WALL MIROR,2
MINT DINER CLOCK,2
GIANT MEDINA STAMPED METAL BOWL ,2
WHITE CHRISTMAS TREE 60CM,2
BAROQUE BUTTERFLY EARRINGS BLACK,2
CLASSIC DIAMANTE NECKLACE JET,2
WHITE ROSEBUD & PEARL NECKLACE,2
NEW ENGLAND MUG W GIFT BOX,2
PINK BAROQUE FLOCK CANDLE HOLDER,2
BLACK DIAMOND CLUSTER NECKLACE,2
ANTIQUE RASPBERRY FLOWER EARRINGS,2
GLASS CAKE COVER AND PLATE,2
GLASS BELL JAR LARGE,2
LIGHT DECORATION BATTERY OPERATED,2
FUNKY FLOWER PICNIC BAG FOR 4,2
S/3 PINK SQUARE PLANTERS ROSES,2
DIAMANTE NECKLACE,2
PEARL AND CHERRY QUARTZ BRACLET,2
PURPLE/BLUE CERAMIC CANDLE HOLDER,2
"WALL ART , THE MAGIC FOREST ",2
RUBY GLASS CLUSTER NECKLACE,2
POLYESTER FILLER PAD 60x40cm,2
GOLD COSMETIC BAG PINK STAR,2
PINK/WHITE RIBBED MELAMINE JUG,2
3 BIRDS CANVAS SCREEN,2
"CAKESTAND, 3 TIER, LOVEHEART",2
DIAMANTE NECKLACE BLACK ,2
"PEARL & SHELL 42""NECKL. IVORY",2
 TOADSTOOL BEDSIDE LIGHT ,2
60 GOLD AND SILVER FAIRY CAKE CASES,2
BLUE SHARK HELICOPTER,2
M/COLOUR POM-POM CURTAIN,2
OCEAN STRIPE HAMMOCK ,2
NEW BAROQUE LARGE NECKLACE BLK/WHIT,2
5 STRAND GLASS NECKLACE AMETHYST,2
PINK/WHITE GLASS DEMI CHOKER,2
GOLD M.O.P ORBIT BRACELET,2
WHITE ANEMONE ARTIFICIAL FLOWER,2
GOLD M.O.P. ORBIT NECKLACE,2
VINTAGE BLUE TINSEL REEL,2
SET OF 16 VINTAGE IVORY CUTLERY,2
ST GEORGE SET OF 10 PARTY LIGHTS,2
ANTIQUE OPAL WHITE FLOWER EARRINGS,2
PURPLE/TURQ FLOWERS HANDBAG,2
GLASS BEAD HOOP NECKLACE BLACK,2
3 WICK CHRISTMAS BRIAR CANDLE ,2
IVORY PANTRY HANGING LAMP ,2
NEW BAROQUE B'FLY NECKLACE CRYSTAL,2
BLUE GINGHAM ROSE CUSHION COVER,2
DANISH ROSE UMBRELLA STAND,2
IVORY SHELL HEART EARRINGS,2
FUNKY MONKEY MUG,1
POTTING SHED SOW 'N' GROW SET,1
DOLPHIN WINDMILL,1
SET 12 COLOURING PENCILS DOILEY,1
CHERRY BLOSSOM PURSE,1
SET 36 COLOURING PENCILS DOILEY,1
SET 10 CARDS HANGING BAUBLES 17080,1
SCALLOP SHELL SOAP DISH,1
SET/3 FLORAL GARDEN TOOLS IN BAG,1
DUSTY PINK CHRISTMAS TREE 30CM,1
RUBY GLASS CLUSTER EARRINGS,1
MIDNIGHT BLUE CRYSTAL DROP EARRINGS,1
EASTER CRAFT IVY WREATH WITH CHICK,1
LASER CUT MULTI STRAND NECKLACE,1
TEA TIME BREAKFAST BASKET,1
BLACKCHRISTMAS TREE 30CM,1
SET OF 3 PINK FLYING DUCKS,1
CROCHET LILAC/RED BEAR KEYRING,1
CROCHET DOG KEYRING,1
CAPIZ CHANDELIER,1
BLUE/NAT SHELL NECKLACE W PENDANT,1
ORANGE FELT VASE + FLOWERS,1
BLUE/GREEN SHELL NECKLACE W PENDANT,1
BLUE NEW BAROQUE FLOCK CANDLESTICK,1
BLUE LEAVES AND BEADS PHONE CHARM,1
MARIE ANTOIENETT TRINKET BOX GOLD,1
FRYING PAN RED POLKADOT ,1
BLOSSOM IMAGES SCRAP BOOK SET,1
PURPLE CHUNKY GLASS+BEAD NECKLACE,1
PURPLE FRANGIPANI HAIRCLIP,1
SET/3 TALL GLASS CANDLE HOLDER PINK,1
BLACK VINT ART DEC CRYSTAL BRACELET,1
WHITE STONE/CRYSTAL EARRINGS,1
FLOWER SHOP DESIGN MUG,1
SILVER AND BLACK ORBIT NECKLACE,1
BAROQUE BUTTERFLY EARRINGS CRYSTAL,1
CAKE STAND LACE WHITE,1
BLACK FINE BEAD NECKLACE W TASSEL,1
BLACK DROP EARRINGS W LONG BEADS,1
PINK POLKADOT KIDS BAG,1
WHITE ROSEBUD  PEARL EARRINGS,1
SET/6 IVORY BIRD T-LIGHT CANDLES,1
PACK 4 FLOWER/BUTTERFLY PATCHES,1
JADE CRYSTAL+GLASS BRACELET,1
AMBER GLASS/SHELL/PEARL NECKLACE,1
JARDIN ETCHED GLASS BUTTER DISH,1
AMBER BERTIE GLASS BEAD BAG CHARM,1
FIRE POLISHED GLASS NECKL GOLD,1
FIRE POLISHED GLASS BRACELET BLACK,1
MUMMY MOUSE RED GINGHAM RIBBON,1
NECKLACE+BRACELET SET PINK DAISY,1
VINTAGE BEAD PINK JEWEL STAND,1
PINK CRYSTAL GUITAR PHONE CHARM,1
CRACKED GLAZE EARRINGS BROWN,1
CRACKED GLAZE EARRINGS RED,1
BLUE PADDED SOFT MOBILE,1
NEW BAROQUE B'FLY NECKLACE PINK,1
HEN HOUSE W CHICK IN NEST,1
 I LOVE LONDON MINI RUCKSACK,1
